"匹配方式","标题(我们)","标题(干净世界)","体积MB","站内slug","当前地址","干净世界地址"
"完全匹配","民主救国阵线主席 三退引领世界潮流 带给人类希望——《希望的路》第八十集","民主救国阵线主席 三退引领世界潮流 带给人类希望——《希望的路》第八十集","217","民主救国阵线主席-三退引领世界潮流-带给人类希望","https://www.tuidang.org/wp-content/uploads/2024/12/xwdl060.mp4","https://www.ganjingworld.com/video/1h987g538sl3Be893n6W9wBML1co1c"
"完全匹配","前大陆媒体人《九评》改变了我的人生轨迹——《希望的路》第七十九集","前大陆媒体人《九评》改变了我的人生轨迹——《希望的路》第七十九集","134","前大陆媒体人《九评》改变了我的人生轨迹-《","https://www.tuidang.org/wp-content/uploads/2024/12/xwdl059web.mp4","https://www.ganjingworld.com/video/1h8n6e72rq34XZp7q7IuV8EoU1j51c"
"完全匹配","中国人精神状态如此堪忧 民众三退保平安——《希望的路》第七十八集","中国人精神状态如此堪忧  民众三退保平安——《希望的路》第七十八集","164","中国人精神状态如此堪忧-民众三退保平安-《希","https://www.tuidang.org/wp-content/uploads/2024/12/xwdl058new.mp4","https://www.ganjingworld.com/video/1h870q4bjbbXZUdS7jj23GWov1r51c"
"完全匹配","​​​​​​《九评》发表推动社会巨变 华人选择三退——《希望的路》第七十七集","​​​​​​《九评》发表推动社会巨变 华人选择三退——《希望的路》第七十七集","136","《九评》发表推动社会巨变-华人选择","https://www.tuidang.org/wp-content/uploads/2024/11/xwdl057new.mp4","https://www.ganjingworld.com/video/1h7qqsmkrl13ImmRYo8HKETDM1j41c"
"完全匹配","“党文化”导致人心败坏 民众三退表心声——《希望的路》第七十六集","“党文化”导致人心败坏 民众三退表心声——《希望的路》第七十六集","82","党文化导致人心败坏-民众三退表心声-《希","https://www.tuidang.org/wp-content/uploads/2024/11/xwdl056new.mp4","https://www.ganjingworld.com/video/1h79496hgbh3JYVtOAXpTcNYJ1qj1c"
"完全匹配","陈闯创：是时候了，与中共切割","陈闯创：是时候了，与中共切割","165","陈闯创：是时候了，与中共切割","https://www.tuidang.org/wp-content/uploads/2024/11/cccythfy.mp4","https://www.ganjingworld.com/video/1h6t5g364j5748EyAxiebX0mx1l91c"
"完全匹配","胡力任：每一个中国人都应该去了解《九评共产党》","胡力任：每一个中国人都应该去了解《九评共产党》","172","胡力任：每一个中国人都应该去了解《九评共产党","https://www.tuidang.org/wp-content/uploads/2024/11/hlrythfy.mp4","https://www.ganjingworld.com/video/1h6t1ggpqi03EWCY3OJOtakOR17f1c"
"完全匹配","胡平：希望大家看看法轮功关于中共活摘器官的报告和电影","胡平：希望大家看看法轮功关于中共活摘器官的报告和电影","111","胡平：希望大家看看法轮功关于中共活摘器官的报","https://www.tuidang.org/wp-content/uploads/2024/11/hpythfy.mp4","https://www.ganjingworld.com/video/1h6scojsroh4sEV64RrODGniR1tv1c"
"完全匹配","王军涛：《九评》帮助人以善心来实现没有共产党后的转型","王军涛：《九评》帮助人以善心来实现没有共产党后的转型","212","王军涛：《九评》帮助人以善心来实现没有共产党","https://www.tuidang.org/wp-content/uploads/2024/11/wjtythfy-1.mp4","https://www.ganjingworld.com/video/1h6q3bvvhib7nB9etQ43JpzEk1e41c"
"完全匹配","翟德云：天灭中共 号角吹来 时代变局","翟德云：天灭中共 号角吹来 时代变局","315","翟德云：天灭中共-号角吹来-时代变局","https://www.tuidang.org/wp-content/uploads/2024/11/zdyythfy.mp4","https://www.ganjingworld.com/video/1h6o15apvnb4aM4dTVw0j1r2T12d1c"
"完全匹配","看清中共邪恶本质 政法人员声明退党——《希望的路》第七十五集","看清中共邪恶本质 政法人员声明退党——《希望的路》第七十五集","92","看清中共邪恶本质-政法人员声明退党-《希望的","https://www.tuidang.org/wp-content/uploads/2024/12/xwdl055new.mp4","https://www.ganjingworld.com/video/1h6ngc6sepb2sfUvhPdpx0Blq1301c"
"完全匹配","章天亮：信仰的力量 和平的抗争","章天亮：信仰的力量 和平的抗争","133","章天亮：信仰的力量-和平的抗争","https://www.tuidang.org/wp-content/uploads/2024/11/ztlythfy.mp4","https://www.ganjingworld.com/video/1h6lbfn6fvv2wK7IuNzYbOLJ91ij1c"
"完全匹配","林晓旭：中共是一个恶魔，我们面临的是一场属灵的战争","林晓旭：中共是一个恶魔，我们面临的是一场属灵的战争","167","林晓旭：中共是一个恶魔，我们面临的是一场属灵","https://www.tuidang.org/wp-content/uploads/2024/11/lxxythfy.mp4","https://www.ganjingworld.com/video/1h6kvhhmo71760O1sRgOGfT8y1le1c"
"完全匹配","郭君：纪念已经持续了二十年的历史时刻","郭君：纪念已经持续了二十年的历史时刻","149","郭君：纪念已经持续了二十年的历史时刻","https://www.tuidang.org/wp-content/uploads/2024/11/gjythfy.mp4","https://www.ganjingworld.com/video/1h6jflmk27k4ODzZwdZNK7QBp10p1c"
"完全匹配","易中原：向传播《九评共产党》劝三退的英雄致敬","易中原：向传播《九评共产党》劝三退的英雄致敬","108","易中原：向传播《九评共产党》劝三退的英雄致敬","https://www.tuidang.org/wp-content/uploads/2024/11/yzyythfy.mp4","https://www.ganjingworld.com/video/1h6jf9r67077eH8a4GWKwt0ZT1o31c"
"完全匹配","民众在觉醒 暴政将结束——《希望的路》第七十四集","民众在觉醒  暴政将结束——《希望的路》第七十四集","126","民众在觉醒-暴政将结束-《希望的路》第七十四","https://www.tuidang.org/wp-content/uploads/2024/11/xwdl054new.mp4","https://www.ganjingworld.com/video/1h5u6i1und92mMKhJJeIzJnXG1b01c"
"完全匹配","纪录片《国有器官》再揭中共活摘器官黑幕——《希望的路》第七十三集","纪录片《国有器官》再揭中共活摘器官黑幕——《希望的路》第七十三集","96","纪录片《国有器官》再揭中共活摘器官黑幕-《","https://www.tuidang.org/wp-content/uploads/2024/10/xwdl053new.mp4","https://www.ganjingworld.com/video/1h5g2fgo2cj1HYlACeESyfBR11651c"
"完全匹配","法轮功华府游行传递真相 被中共迫害民众声明三退——《希望的路》第七十二集","法轮功华府游行传递真相 被中共迫害民众声明三退——《希望的路》第七十二集","138","法轮功华府游行传递真相-被中共迫害民众声明三退","https://www.tuidang.org/wp-content/uploads/2024/10/xwdl052new-1.mp4","https://www.ganjingworld.com/video/1h4ve778h0uAxgsNErv9zjAot1hr1c"
"完全匹配","退出党团队 不要支持这个暴政 这才是最好的结局——维权斗士陈祥卫的抗争之路（五）","退出党团队 不要支持这个暴政 这才是最好的结局——维权斗士陈祥卫的抗争之路（五）","60","退出党团队-不要支持这个暴政-这才是最好的结局","https://www.tuidang.org/wp-content/uploads/2024/10/chenxiangwei2.3.mp4","https://www.ganjingworld.com/video/1h3tg753vo64YMHH3vPcaMR0B1at1c"
"完全匹配","整个社会被共产党掌握着 老百姓完全被胁迫——维权斗士陈祥卫的抗争之路（四）","整个社会被共产党掌握着 老百姓完全被胁迫——维权斗士陈祥卫的抗争之路（四）","271","整个社会被共产党掌握着-老百姓完全被胁迫-维","https://www.tuidang.org/wp-content/uploads/2024/10/chenxiangwei2.2.mp4","https://www.ganjingworld.com/video/1h3tfsne2c92vl6yJmGRQ37Ui1s81c"
"完全匹配","是什么原因让中国出现大规模的轻生潮？中国人的希望在哪里？ ——《希望的路》第七十一集","是什么原因讓中國出現大規模的輕生潮？中國人的希望在哪裏？——《希望的路》第七十一集","205","是什么原因让中国出现大规模的轻生潮？中国人的","https://www.tuidang.org/wp-content/uploads/2024/10/xwdlo51new.mp4","https://www.ganjingworld.com/video/1h4eno9ltms19rhv8lj7HZ8Hm1cf1c"
"完全匹配","我觉得还是很值得 毕竟个人的抗争也是为大众抗争——维权斗士陈祥卫的抗争之路（三）","我觉得还是很值得 毕竟个人的抗争也是为大众抗争——维权斗士陈祥卫的抗争之路（三）","277","我觉得还是很值得-毕竟个人的抗争也是为大众抗争","https://www.tuidang.org/wp-content/uploads/2024/10/chenxiangwei2.1.mp4","https://www.ganjingworld.com/video/1h3tfjaumfg3asfskLAXEPapW1sn1c"
"完全匹配","等我回来你们怎么抓都行 反正我无所谓——维权斗士陈祥卫的抗争之路（二）","等我回来你们怎么抓都行 反正我无所谓——维权斗士陈祥卫的抗争之路（二）","259","等我回来你们怎么抓都行-反正我无所谓-维权斗","https://www.tuidang.org/wp-content/uploads/2024/10/chenxiangwei1.2.mp4","https://www.ganjingworld.com/video/1h3teq4dg552VUyJaLohRusB41sk1c"
"完全匹配","中共暴政下黑暗的一幕发生在我们家——维权斗士陈祥卫的抗争之路（一）","中共暴政下黑暗的一幕发生在我们家——维权斗士陈祥卫的抗争之路（一）","206","中共暴政下黑暗的一幕发生在我们家-维权斗士","https://www.tuidang.org/wp-content/uploads/2024/10/chenxiangwei1.1.mp4","https://www.ganjingworld.com/video/1h3tdrj3up6uB8CGfwPnFyilk13q1c"
"完全匹配","追求自由的勇士：陈伟杰的走线历程与觉醒之路（下）","追求自由的勇士：陈伟杰的走线历程与觉醒之路（下）","238","追求自由的勇士：陈伟杰的走线历程与觉醒之路（","https://www.tuidang.org/wp-content/uploads/2024/12/chenweijie02new.mp4","https://www.ganjingworld.com/video/1h07kr12b5r1jmWr4p4xZBPQA1i11c"
"完全匹配","追求自由的勇士：陈伟杰的走线历程与觉醒之路 (上)","追求自由的勇士：陈伟杰的走线历程与觉醒之路（上）","215","追求自由的勇士：陈伟杰的走线历程与觉醒之路上","https://www.tuidang.org/wp-content/uploads/2024/12/chenweijie01new.mp4","https://www.ganjingworld.com/video/1h07keob46d2u4hhL5pSOiS0h1a71c"
"完全匹配","《希望的路》第六十九集 中共活摘器官牟利 知情人士退出中共","《希望的路》第六十九集 中共活摘器官牟利  知情人士退出中共","113","《希望的路》第六十九集-中共活摘器官牟利-知情人","https://www.tuidang.org/wp-content/uploads/2024/10/xwdl049new.mp4","https://www.ganjingworld.com/video/1h3dpkj7gbcxwNdGquWR4dNfj1lc1c"
"完全匹配","《希望的路》 第六十六集 美国出重拳打击活摘器官 民众觉醒纷纷三退","《希望的路》 第六十六集 美国出重拳打击活摘器官 民众觉醒纷纷三退","140","《希望的路》-第六十六集-美国出重拳打击活摘器官","https://www.tuidang.org/wp-content/uploads/2024/09/xwdl066.mp4","https://www.ganjingworld.com/video/1h1k0ifn77i6rGakKGPw2JXvu1sg1c"
"完全匹配","《希望的路》 第六十四集 “历史的垃圾时间“让国人清醒","《希望的路》第六十四集 “历史的垃圾时间“让国人清醒","180","《希望的路》-第六十四集-历史的垃圾时间让","https://www.tuidang.org/wp-content/uploads/2024/08/xwdl044new.mp4","https://www.ganjingworld.com/video/1h0o192etf477aexwF3v6jjgX1k61c"
"完全匹配","《希望的路》第六十三集 警察忏悔迫害法輪功 退党选择正义良知","《希望的路》第六十三集 警察忏悔迫害法輪功  退党选择正义良知","100","《希望的路》第六十三集-警察忏悔迫害法輪功-退党","https://www.tuidang.org/wp-content/uploads/2024/08/xwdl043new.mp4","https://www.ganjingworld.com/video/1h047vnskif1APJCt2OiwaX9118f1c"
"完全匹配","《希望的路》 第六十二集 中国人需要自救 需要摆脱共产党","《希望的路》 第六十二集 中国人需要自救 需要摆脱共产党","133","《希望的路》-第六十二集-中国人需要自救-需要摆","https://www.tuidang.org/wp-content/uploads/2024/08/xwdl042new.mp4","https://www.ganjingworld.com/video/1gvebmgbjcf4hCLRkjAWqH6oN1jv1c"
"完全匹配","伊莱恩·威特：国际社会和美国可以通过立法和制裁来帮助停止中共对法轮功的迫害","伊莱恩·威特：国际社会和美国可以通过立法和制裁来帮助停止中共对法轮功的迫害","182","伊莱恩·威特：国际社会和美国可以通过立法和制","https://www.tuidang.org/wp-content/uploads/2024/08/C0955.mp4","https://www.ganjingworld.com/video/1gv0u9v17k51twjIUiLIsDuFC1vi1c"
"完全匹配","《希望的路》第六十一集 中国知名律师许志永被判14年 33民众愤怒三退","《希望的路》第六十一集 中国知名律师许志永被判14年 33民众愤怒三退","94","《希望的路》第六十一集-中国知名律师许志永被判1","https://www.tuidang.org/wp-content/uploads/2024/12/xwdl041.mp4","https://www.ganjingworld.com/video/1gv0r4m6t0m3s2jr5R4EeCh7R19e1c"
"完全匹配","三退民众张雄：走线历程九死一生，只为追求自由与真相（下）","三退民众张雄：走线历程九死一生，只为追求自由与真相（下）","207","三退民众张雄：走线历程九死一生，只为追求自由-2","https://www.tuidang.org/wp-content/uploads/2024/08/zhangxiong2-1.mp4","https://www.ganjingworld.com/video/1gusigog55l49Lw36qqanXjmM11l1c"
"完全匹配","三退民众张雄：走线历程九死一生，只为追求自由与真相（上）","三退民众张雄：走线历程九死一生，只为追求自由与真相（上）","201","三退民众张雄：走线历程九死一生，只为追求自由","https://www.tuidang.org/wp-content/uploads/2024/08/zhangxiong1.mp4","https://www.ganjingworld.com/video/1gusidc839g2MTnGYW5aKd1Vi1p31c"
"完全匹配","历经千辛万苦，逃离红色恐怖：一对母女的心路历程","历经千辛万苦，逃离红色恐怖：一对母女的心路历程","244","历经千辛万苦，逃离红色恐怖：一对母女的心路历","https://www.tuidang.org/wp-content/uploads/2024/08/munvnew2.mp4","https://www.ganjingworld.com/video/1guiaih890rs76uNX5rEx0miA1f81c"
"完全匹配","吴晓燕——我身边同修的父亲就被中共活摘了器官","吴晓燕——我身边同修的父亲就被中共活摘了器官","343","吴晓燕-我身边同修的父亲就被中共活摘了器官","https://www.tuidang.org/wp-content/uploads/2024/07/wuxiaoyan.mp4","https://www.ganjingworld.com/video/1gu513m698n14qq3yJutczQsk1pq1c"
"完全匹配","《希望的路》第五十六集 共产党败象尽显 103人联名三退","《希望的路》第五十六集 共产党败象尽显 103人联名三退","361","《希望的路》第五十六集-共产党败象尽显-103人联名","https://www.tuidang.org/wp-content/uploads/2024/07/xwdl036new2.mp4","https://www.ganjingworld.com/video/1gs9gc89jdr6nsaPDHUzQI10o1k21c"
"完全匹配","觉醒和救赎 ——专访上海企业家胡力任（三）","觉醒和救赎 ——专访上海企业家胡力任（三）","267","觉醒和救赎-专访实业家胡力任（三）","https://www.tuidang.org/wp-content/uploads/2024/12/huliren03new.mp4","https://www.ganjingworld.com/video/1gs8o7qs4rl34u0NZdWAWrduV1rd1c"
"完全匹配","善缘 从遇见法轮功开始 ——专访上海企业家胡力任（二）","善缘 从遇见法轮功开始 ——专访上海企业家胡力任（二）","207","善缘-从遇见法轮功开始-专访上海实业家胡力任","https://www.tuidang.org/wp-content/uploads/2024/12/huliren02new.mp4","https://www.ganjingworld.com/video/1grdcca1tle76DE8GFlWFzmaM1jb1c"
"完全匹配","觉醒 从十岁开始 ——专访上海企业家胡力任（一）","觉醒 从十岁开始 ——专访上海企业家胡力任（一）","201","觉醒-从十岁开始-专访企业家胡力任（一）","https://www.tuidang.org/wp-content/uploads/2024/12/huliren01new.mp4","https://www.ganjingworld.com/video/1gr0oq7bric5jVp7vmPSkOTG61pb1c"
"完全匹配","《希望的路》第五十一集 法轮大法救人免于劫难 中国人为什么三退？（上）","《希望的路》第五十一集 法轮大法救人免于劫难 中国人为什么三退？（上）","325","《希望的路》第五十一集-法轮大法救人免于劫难-中","https://www.tuidang.org/wp-content/uploads/2024/05/xwdl031.mp4","https://www.ganjingworld.com/video/1gpelvel7ap4zUh8DmXRChemX1v91c"
"完全匹配","三退保平安 “三退”才是正确的选择","三退保平安 “三退”才是正确的选择","349","三退保平安","https://www.tuidang.org/wp-content/uploads/2024/05/20240510caifang.mp4","https://www.ganjingworld.com/video/1goirqu56vt5r1eguSwh11E1W1r61c"
"完全匹配","庆祝世界法轮大法日 纽约盛大游行 声援4.3亿人三退","庆祝世界法轮大法日 纽约盛大游行  声援4.3亿人三退","244","庆祝世界法轮大法日-纽约盛大游行-声援4-3亿人三退","https://www.tuidang.org/wp-content/uploads/2024/05/20240510.mp4","https://www.ganjingworld.com/video/1gofsm5cv08mKOBRXtw88UREa12j1c"
"完全匹配","联合国世界追责组织荣誉主席 Frederick Newcomb：法轮功学员反抗中共迫害非常重要","联合国世界追责组织荣誉主席 Frederick Newcomb：法轮功学员反抗中共迫害非常重要","377","联合国世界追责组织荣誉主席-frederick-new：法轮功学员反","https://www.tuidang.org/wp-content/uploads/2024/05/Frederick-Newcomb.mp4","https://www.ganjingworld.com/video/1gnfiekcjqs7gibAGEKEXy0HI1su1c"
"完全匹配","四二五亲历者王会娟：决裂中共的三退大潮唤醒了世人最伟大的精神觉醒","四二五亲历者王会娟：决裂中共的三退大潮唤醒了世人最伟大的精神觉醒","350","四二五亲历者王会娟：决裂中共的三退大潮唤醒了","https://www.tuidang.org/wp-content/uploads/2024/05/wanghuijuan.mp4","https://www.ganjingworld.com/video/1gndagoba353UgPhgiqfOVilG1t21c"
"完全匹配","宫凯：翻墙后对我触动最大的就是《九评共产党》","宫凯：翻墙后对我触动最大的就是《九评共产党》","359","宫凯：翻墙后对我触动最大的就是《九评共产党》","https://www.tuidang.org/wp-content/uploads/2024/05/gongkai.mp4","https://www.ganjingworld.com/video/1gnd9hbanuh5gxkaXu99eRvhY1u81c"
"完全匹配","陈伟杰：中共最害怕什么，我就做什么","陈伟杰：中共最害怕什么，我就做什么","175","陈伟杰：法轮功是我的良师益友","https://www.tuidang.org/wp-content/uploads/2024/05/chenweijie.mp4","https://www.ganjingworld.com/video/1gnd3k4ss64322r7OgfC1FtAU15o1c"
"完全匹配","陈敬宇：立即释放我姐姐 退出中共 终止罪恶","陈敬宇：立即释放我姐姐 退出中共 终止罪恶","250","陈敬宇：结束在中国大陆对法轮功修炼者长达25年的","https://www.tuidang.org/wp-content/uploads/2024/04/chenjingyu.mp4","https://www.ganjingworld.com/video/1gnatb56le51254BjJ1S1SKfb1to1c"
"完全匹配","三退民众李昕燕：默念“法轮大法好、真善忍好”遇难成祥","三退民众李昕燕：默念“法轮大法好、真善忍好”遇难成祥","356","李昕燕：默念法轮大法好、真善忍好遇难成祥","https://www.tuidang.org/wp-content/uploads/2024/05/lixinyannew.mp4","https://www.ganjingworld.com/video/1gnas1d641rHevmy38UL8XYZ517l1c"
"完全匹配","张雄现场三退：生而为人就是有信仰自由的","张雄现场三退：生而为人就是有信仰自由的","272","张雄：生而为人就是有信仰自由的-我觉得中共是要","https://www.tuidang.org/wp-content/uploads/2024/04/zhangxiongnew.mp4","https://www.ganjingworld.com/video/1gnalnscgis2DwelzumCmdcil1ce1c"
"完全匹配","法拉盛民主党社区领袖玛莎：感谢法轮功的勇气和坚持","法拉盛民主党社区领袖玛莎：感谢法轮功的勇气和坚持","69","法拉盛民主党社区领袖：感谢法轮功的勇气和坚持","https://www.tuidang.org/wp-content/uploads/2024/04/Martha.mp4","https://www.ganjingworld.com/video/1gn2t0503mn1um33THn71mY6k1r21c"
"完全匹配","共和党资深融资顾问 Cecelia Crowley 颂扬法轮功精神","共和党资深融资顾问 Cecelia Crowley 颂扬法轮功精神","101","纽约共和党资深顾问cecelia-crowley在纪念法轮功学员「四二","https://www.tuidang.org/wp-content/uploads/2024/04/Cecelia-Crowley-.mp4","https://www.ganjingworld.com/video/1gn1f6slbg272cKJ65vjKA2sY1fn1c"
"完全匹配","汪志远：中共是祸害人类的魔鬼 是万恶之源","汪志远：中共是祸害人类的魔鬼 是万恶之源","315","汪志远：中共是祸害人类的魔鬼-是万恶之源","https://www.tuidang.org/wp-content/uploads/2024/04/wangzhiyuan.mp4","https://www.ganjingworld.com/video/1gnakt9padt33WOWpU0CVwu7L1ai1c"
"完全匹配","张而平：法轮功学员大善大忍慈悲救人","张而平：法轮功学员大善大忍慈悲救人","77","张而平：法轮功学员大善大忍慈悲救人","https://www.tuidang.org/wp-content/uploads/2024/12/zhangerpingnew.mp4","https://www.ganjingworld.com/video/1gmtlaa4lds2v62eXTThBiL4f1f31c"
"完全匹配","全球退党服务中心纽约游行 声援4.3亿人退出中共党团队","全球退党服务中心纽约游行 声援4.3亿人退出中共党团队","568","纽约法轮功游行-声援4-3亿人退出中共党团队","https://www.tuidang.org/wp-content/uploads/2024/04/youxing1.mov","https://www.ganjingworld.com/video/1gmul5ed9dg3yP6RsMcJevWqv1np1c"
"完全匹配","易中原：全民反迫害 全民退垮中共的时代已经到來","易中原：全民反迫害 全民退垮中共的时代已经到來","407","易中原：全民反迫害-全民退垮中共的时代已经到來","https://www.tuidang.org/wp-content/uploads/2024/04/yizhongyuan.mov","https://www.ganjingworld.com/video/1gms3b8p3mfBGcc4Xe6OwpouO1871c"
"完全匹配","2024年全球退党服务中心新年贺词","2024年全球退党服务中心新年贺词","140","贺神州-迎新元","https://www.tuidang.org/wp-content/uploads/2024/02/2024newheci.mp4","https://www.ganjingworld.com/video/1ggv7epr3jl7w3rZGcjVEBg0Y1vi1c"
"完全匹配","《希望的路》第二十九集 李克强猝死 引发民众三退","《希望的路》第二十九集 李克强猝死 引发民众三退","323","《希望的路》第二十九集","https://www.tuidang.org/wp-content/uploads/2023/12/xwdl009.mp4","https://www.ganjingworld.com/video/1gd9ru1481h6eFqzGLknFjhDz1gh1c"
"完全匹配","《希望的路》第二十八集 马列主义与中国传统文化格格不入 中共已日暮途穷","《希望的路》第二十八集 马列主义与中国传统文化格格不入 中共已日暮途穷","315","《希望的路》第二十八集","https://www.tuidang.org/wp-content/uploads/2023/12/xwdl008.mp4","https://www.ganjingworld.com/video/1gcighm7nbacRyrc9w9wLpsWM1r11c"
"完全匹配","中共的“抗日”真相(上)","中共的“抗日”真相(上)","400","中共的抗日真相上","https://www.tuidang.org/wp-content/uploads/2023/12/J13a.mp4","https://www.ganjingworld.com/video/1gbf69tv41p42682hXuGhlRp11751c"
"完全匹配","《希望的路》第二十三集 中共即将灭亡 三退可保平安","《希望的路》第二十三集 中共即将灭亡 三退可保平安","333","《希望的路》-第二十三集","https://www.tuidang.org/wp-content/uploads/2023/11/xwdl003-1.mp4","https://www.ganjingworld.com/video/1g9sqjp59k333RMLNZfgJYSfv1du1c"
"完全匹配","洪灾过后理性思考 我们的逃生之路在哪里？（下）","洪灾过后理性思考 我们的逃生之路在哪里？（下）","346","洪灾过后理性思考-我们的逃生之路在哪里？（下）","https://www.tuidang.org/wp-content/uploads/2023/11/zxzyj41bnew.mp4","https://www.ganjingworld.com/video/1g9lbsm0vvmRVuKaRgXa1UGHs12r1c"
"完全匹配","共产党是邪教 它就是让你要去做恶——维权人士倪金芳（三）","共产党是邪教 它就是让你要去做恶——维权人士倪金芳（三） ","358","共产党是邪教-它就是让你要去做恶-维权人士倪-2","https://www.tuidang.org/wp-content/uploads/2023/11/nijinfang3.mp4","https://www.ganjingworld.com/video/1g990ru8klqq5TugAr7eMsF7X1bd1c"
"完全匹配","共产党是邪教 它就是让你要去做恶——维权人士倪金芳（二）","共产党是邪教 它就是让你要去做恶——维权人士倪金芳（二） ","331","共产党是邪教-它就是让你要去做恶-维权人士倪","https://www.tuidang.org/wp-content/uploads/2023/10/nijinfang2new.mp4","https://www.ganjingworld.com/video/1g8peddq62f5UwRN2dWlDi4Um1qj1c"
"完全匹配","共产党是邪教 它就是让你要去做恶——维权人士倪金芳（一）","共产党是邪教 它就是让你要去做恶——维权人士倪金芳（一）","330","共产党倒的那天-中国才有未来-维权人士倪金芳","https://www.tuidang.org/wp-content/uploads/2023/10/nijinfang1-1.mp4","https://www.ganjingworld.com/video/1g80e1sr2116RJqGaXqSYWWpk1o41c"
"完全匹配","我丈夫七窍流血死于非命 我被监禁在家——维权人士李青（三）","我丈夫七窍流血死于非命 我被监禁在家——维权人士李青（三）","412","我丈夫七窍流血死于非命-我被监禁在家-维权人","https://www.tuidang.org/wp-content/uploads/2023/10/liqing3.mp4","https://www.ganjingworld.com/video/1g6necusqqv40PE8uy6Hi0aNJ1121c"
"完全匹配","党委书记约我面谈 等来的却是钢棍和匕首——维权人士李青（二）","党委书记约我面谈 等来的却是钢棍和匕首——维权人士李青（二）","321","党委书记约我面谈-等来的却是钢棍和匕首-维权","https://www.tuidang.org/wp-content/uploads/2023/09/liqing2.mp4","https://www.ganjingworld.com/video/1g60mebofrh51oYiJjaFvxbH21fb1c"
"完全匹配","洪灾过后理性思考 我们的逃生之路在哪里？（上）","洪灾过后理性思考  我们的逃生之路在哪里？（上）","355","洪灾过后理性思考-我们的逃生之路在哪里？（上）","https://www.tuidang.org/wp-content/uploads/2023/09/zxzyj41a.mp4","https://www.ganjingworld.com/video/1g54865dmi67n1FqwFyC8H1x91b51c"
"完全匹配","我想为中国千千万万的中毒工人走出一条路——维权人士李青（一）","我想为中国千千万万的中毒工人走出一条路——维权人士李青(一)","334","我想为中国千千万万的中毒工人走出一条路-维","https://www.tuidang.org/wp-content/uploads/2023/09/liqing1.mp4","https://www.ganjingworld.com/video/1g4utb7gm4iYrjTI41nTDy0ar10u1c"
"完全匹配","“共产党不亡 天理难容”——维权人士张五洲（四）","“共产党不亡 天理难容”——维权人士张五洲（四）","243","共产党不亡-天理难容-维权人士张五洲（四","https://www.tuidang.org/wp-content/uploads/2023/08/20230602zhangwuzhou4new.mp4","https://www.ganjingworld.com/video/1g44pjovt9n2jDhNfFas71scS1mq1c"
"完全匹配","在看守所里狱警折磨我 法轮功学员帮助我——维权人士张五洲（三）","在看守所里狱警折磨我 法轮功学员帮助我——维权人士张五洲（三）","370","在看守所里狱警折磨我-法轮功学员帮助我-维权","https://www.tuidang.org/wp-content/uploads/2023/08/20230602zhangwuzhou3-1.mp4","https://www.ganjingworld.com/video/1g40eqg8uer2H7DqioDr6k4zJ1ts1c"
"完全匹配","7.20DC反迫害24周年集会 活摘器官再次曝光 各国民众声援结束中共","7.20DC反迫害24周年集会 活摘器官再次曝光 各国民众声援结束中共","250","7-20dc反迫害24周年集会-活摘器官再次曝光-各国民众声援","https://www.tuidang.org/wp-content/uploads/2023/08/20230720mzcf.mp4","https://www.ganjingworld.com/video/1g3hrgfdnco5BbmI7VqdTi3c31at1c"
"完全匹配","中国疫苗的副作用大面积爆发 可有应对之法？","中国疫苗的副作用大面积爆发 可有应对之法？","605","中国疫苗的副作用大面积爆发-可有应对之法？","https://www.tuidang.org/wp-content/uploads/2023/08/zxzyj40.mp4","https://www.ganjingworld.com/video/1g3dq1qssfi4qa00mWWoS7Hrg1cq1c"
"完全匹配","《希望的路》第十集 厌恶中共 一企业家帮两千员工三退","《希望的路》 第十集 厌恶中共 一企业家帮两千员工三退","299","《希望的路》-第十集-厌恶中共-一企业家帮两千员","https://www.tuidang.org/wp-content/uploads/2023/07/xwdl10.mp4","https://www.ganjingworld.com/video/1g1kk6qfp6k6LXQ1cGUnLC30H1qh1c"
"完全匹配","《希望的路》第九集 中共祸国殃民 必然走向灭亡","《希望的路》第九集 中共祸国殃民 必然走向灭亡","248","【希望的路】第九集","https://www.tuidang.org/wp-content/uploads/2023/07/xwdl9-1.mp4","https://www.ganjingworld.com/video/1g0s8rmgevt25TphGlh06Vc0W1ql1c"
"完全匹配","《希望的路》第八集 过去受骗入魔窟 如今三退保平安","《希望的路》第八集 过去受骗入魔窟 如今三退保平安","154","希望的路第八集","https://www.tuidang.org/wp-content/uploads/2023/07/xwdl8new.mp4","https://www.ganjingworld.com/video/1g0abdasn352tuUTnnUSZmO6Z18k1c"
"完全匹配","中国共产党的存在就是全人类的灾难——维权人士张五洲（二）","中国共产党的存在就是全人类的灾难——维权人士张五洲(二)","382","中国共产党的存在就是全人类的灾难-维权人士","https://www.tuidang.org/wp-content/uploads/2023/07/20230602zhangwuzhou2-1.mp4","https://www.ganjingworld.com/video/1g01pmgfqb578DwiQ0PzmgOpZ1n21c"
"完全匹配","我的弟弟被中共害死了——维权人士张五洲（一）","我的弟弟被中共害死了——维权人士张五洲(一)","333","维权人士张五洲采访一-我的弟弟被中共害死了","https://www.tuidang.org/wp-content/uploads/2023/07/20230602zhangwuzhou1-1.mp4","https://www.ganjingworld.com/video/1fvt01osbf74DrqZlw49qgIN41l81c"
"完全匹配","中共最邪恶的是让中国社会变成不是奴隶制的奴隶制 ——专访八九民运领袖 独立时评人 郑旭光（四）","中共最邪恶的是让中国社会变成不是奴隶制的奴隶制——专访八九民运领袖 独立时评人 郑旭光（四）","343","中共最邪恶的是让中国社会变成不是奴隶制的奴隶","https://www.tuidang.org/wp-content/uploads/2023/07/20230611zhengxuguang4.mp4","https://www.ganjingworld.com/video/1fvsn1165g3thXeKnd40jvl911k91c"
"完全匹配","做为中国人认清中共的邪恶本质是最重要的事——专访八九民运领袖 独立时评人 郑旭光（三）","做为中国人认清中共的邪恶本质是最重要的事——专访八九民运领袖 独立时评人 郑旭光（三）","400","做为中国人认清中共的邪恶本质是最重要的事","https://www.tuidang.org/wp-content/uploads/2023/07/20230611zhengxuguang3.mp4","https://www.ganjingworld.com/video/1fvp0v3c99t44MvfwtyVdtmtv1he1c"
"完全匹配","只有中共垮台才会让中国人的灵魂得到解放——专访八九民运领袖 独立时评人 郑旭光（二）","只有中共垮台才会让中国人的灵魂得到解放——专访八九民运领袖 独立时评人 郑旭光（二）","260","只有中共垮台才会让中国人的灵魂得到解放-专","https://www.tuidang.org/wp-content/uploads/2023/06/zhengxuguang2.mp4","https://www.ganjingworld.com/video/1fv3j3iball6Wd1WGMnBU1gnv1jo1c"
"完全匹配","纽约纳苏县褒奖退党中心 定6·28为退党日","纽约纳苏县褒奖退党中心 定6·28为退党日","171","纽约纳苏县褒奖退党中心-定6·28为退党日","https://www.tuidang.org/wp-content/uploads/2023/07/20270716baojiang.mp4","https://www.ganjingworld.com/video/1g0ff16sf8870FKcj6wpxBZKD1d71c"
"完全匹配","现今中国人的许多国民性是被中共有意塑造出来的——专访八九民运领袖 独立时评人 郑旭光（一）","现今中国人的许多国民性是被中共有意塑造出来的——专访八九民运领袖 独立时评人 郑旭光（一）","300","现今中国人的许多国民性是被中共有意塑造出来的","https://www.tuidang.org/wp-content/uploads/2023/06/20230611zhengxuguang1.mp4","https://www.ganjingworld.com/video/1fv20kqe9e22PdlQft0hVKQfk1ah1c"
"完全匹配","七一退党日 纽约州议员祝贺4.15亿人退出中共","七一退党日 纽约州议员祝贺4.15亿人退出中共 ","299","七一退党日-纽约州议员祝贺4-15亿人退出中共","https://www.tuidang.org/wp-content/uploads/2023/06/0701baojiang.mp4","https://www.ganjingworld.com/video/1fvcg4nha2twz0CNoN1pqFP1H1oi1c"
"完全匹配","走线母亲张艳（四）——我真的没有办法 我要带着仔逃离这个地方","走线母亲张艳（四）——我真的没有办法 我要带着仔逃离这个地方","251","走线母亲张艳（四）-我真的没有办法-我要带着","https://www.tuidang.org/wp-content/uploads/2023/06/20230521zhangyan4-2.mp4","https://www.ganjingworld.com/video/1fug2bu16mf446NhAtDt4fq4713h1c"
"完全匹配","走线母亲张艳（三）——追悼会只开了一半就被逼迫拉走火化","走线母亲张艳（三）——追悼会只开了一半就被逼迫拉走火化","250","走线母亲张艳（三）-追悼会只开了一半就被逼","https://www.tuidang.org/wp-content/uploads/2023/06/20230521zhangyan3-1.mp4","https://www.ganjingworld.com/video/1fu10dekofq4skWJeyARFme891mv1c"
"完全匹配","走线母亲张艳（二）——我丈夫告诉我他会突然死亡","走线母亲张艳（二）——我丈夫告诉我他会突然死亡","297","走线母亲张艳（二）-我丈夫告诉我他会突然死","https://www.tuidang.org/wp-content/uploads/2023/06/20230521zhangyan2.mp4","https://www.ganjingworld.com/video/1ftnnuob6pn2mDnNcmhbQpohS1p41c"
"完全匹配","EndCCP 真相车队纽约法拉盛、曼哈顿唐人街游行","EndCCP 真相车队纽约法拉盛、曼哈顿唐人街游行","197","endccp-真相车队纽约法拉盛、曼哈顿唐人街游行","https://www.tuidang.org/wp-content/uploads/2023/06/20230603EndCCPcheyou.mp4","https://www.ganjingworld.com/video/1ftp79pbeqd4oCULQ1vOr0LNi17j1c"
"完全匹配","民运人士荷西觉醒——呼吁国人退出中共 敬畏神灵","民运人士荷西觉醒——呼吁国人退出中共 敬畏神灵","138","六四民运人士荷西觉醒-退出中共邪恶体系-敬畏神灵","https://www.tuidang.org/wp-content/uploads/2023/06/20230604hexi.mp4","https://www.ganjingworld.com/video/1ftima2ss4m2eIx5YvKdbqs781q41c"
"完全匹配","纪念六四34周年纽约法拉盛数百人集会","纪念六四34周年纽约法拉盛数百人集会","361","纪念六四34周年纽约法拉盛数百人集会游行","https://www.tuidang.org/wp-content/uploads/2023/06/20230604caifang.mp4","https://www.ganjingworld.com/video/1ftd0kc1jkt7JKXR6I1qEFo001bl1c"
"完全匹配","将来国内退党运动一定风起云涌——专访民主救国阵线主席唐柏桥（下）","将来国内退党运动一定风起云涌——专访民主救国阵线主席唐柏桥（下）","395","将来国内退党运动一定风起云涌-专访民主救国","https://www.tuidang.org/wp-content/uploads/2023/06/20230520tangbaiqiao3.mp4","https://www.ganjingworld.com/video/1ftbbc7p9c93Qj5fQghG1ZFW61pp1c"
"完全匹配","最应该感到绝望和沮丧的是中共——专访民主救国阵线主席唐柏桥（中）","最应该感到绝望和沮丧的是中共——专访民主救国阵线主席唐柏桥(中)","309","寻求真相是非常重要的一件事-专访民运人士唐","https://www.tuidang.org/wp-content/uploads/2023/05/20230520tangbaiqiao2.mp4","https://www.ganjingworld.com/video/1ft5hsoqrmj32Y44rfh0gNFd41eh1c"
"完全匹配","寻求真相是非常重要的一件事——专访民主救国阵线主席唐柏桥（上）","尋求真相是非常重要的一件事——专访民主救国阵线主席唐柏桥(上)","293","最重要的一件事是寻求真相-专访民主人士唐柏","https://www.tuidang.org/wp-content/uploads/2023/05/20230520tangbaiqiao1.mp4","https://www.ganjingworld.com/video/1fstris0rvg2AiXbUpvj0aMJD16a1c"
"完全匹配","台湾吴先生 中共政权作恶多端肯定有天收","台湾吴先生 中共政权作恶多端肯定有天收","262","台湾吴先生-中共政权作恶多端肯定有天收","https://www.tuidang.org/wp-content/uploads/2023/05/20230507wu.mp4","https://www.ganjingworld.com/video/1frvdgvcg21SydscoEb9ocMFE1r01c"
"完全匹配","纪念四‧二五纽约法拉盛集会现场颁发三退证书","纪念四‧二五纽约法拉盛集会现场颁发三退证书","157","纪念四‧二五纽约法拉盛集会现场颁发三退证书","https://www.tuidang.org/wp-content/uploads/2023/05/banfatuidangzhengshu.mp4","https://www.ganjingworld.com/video/1fs1udckqd34vrzRyG1ofAnt91r91c"
"完全匹配","追查国际主席汪志远：中共就要完了","追查国际主席汪志远：中共就要完了","200","追查国际主席汪志远：中共就要完了","https://www.tuidang.org/wp-content/uploads/2023/04/20230423wangzhiyuan.mp4","https://www.ganjingworld.com/video/1fscbtl3roe3eLrXL7AbWJmku1o71c"
"完全匹配","李沐阳：法轮功学员425上访赢得了整个世界的尊重","李沐阳：法轮功学员425上访赢得了整个世界的尊重","273","李沐阳：法轮功学员425上访赢得了整个世界的尊重","https://www.tuidang.org/wp-content/uploads/2023/04/20230423limuyang.mp4","https://www.ganjingworld.com/video/1fsh3eauje75guVSkn1cpPApg1sb1c"
"完全匹配","王珊珊：恳请国际社会营救我母亲刘爱华","王珊珊：恳请国际社会营救我母亲刘爱华","184","王珊珊：恳请国际社会营救我母亲刘爱华","https://www.tuidang.org/wp-content/uploads/2023/04/20230423wangshanshan.mp4","https://www.ganjingworld.com/video/1fsh3gstkrr3vU3nxQgU0qF4W1a31c"
"完全匹配","翟德云：共产党为何一定要充满谎言和暴力 看《九评》就明白","翟德云：共产党为何一定要充满谎言和暴力  看《九评》就明白","200","共产党为何一定要充满谎言和暴力-看《九评》就","https://www.tuidang.org/wp-content/uploads/2023/04/20230423zhaideyun.mp4","https://www.ganjingworld.com/video/1fscbnfgduc4Tu6eRJBgLRPKH1ci1c"
"完全匹配","赵慧子：见证四二五法轮功学员万人上访24周年","赵慧子：见证四二五法轮功学员万人上访24周年","243","赵惠子：见证四二五法轮功学员万人上访24周年","https://www.tuidang.org/wp-content/uploads/2023/04/20230423zhaohuizi.mp4","https://www.ganjingworld.com/video/1fsh626q6ko1uVa0L9zOXOhof17t1c"
"完全匹配","王露蕊：4.25精神和平理性的丰碑","王露蕊：4.25精神和平理性的丰碑","253","王露蕊：4-25精神和平理性的丰碑","https://www.tuidang.org/wp-content/uploads/2023/04/20230423wanglurui.mp4","https://www.ganjingworld.com/video/1fsh3ikatg57ao2Xr7Buq5Erl18u1c"
"完全匹配","《希望的路》第六集 真相解迷思 科长退党了","《希望的路》第六集 真相解迷思 科長退黨了","218","《希望的路》第六集-真相解迷思-科长退党了","https://www.tuidang.org/wp-content/uploads/2022/11/xiwangdelu6.mp4","https://www.ganjingworld.com/video/1fe0mtplilf1NFengc8uSHBAF1bg1c"
"完全匹配","美参议员提案 禁中共党员获赴美旅游签证","美参议员提案 禁中共党员获赴美旅游签证","94","美参议员提案-禁中共党员获赴美旅游签证","https://www.tuidang.org/wp-content/uploads/2022/12/jinzhizhonggongdangyuanrumeiqianzheng.mp4","https://www.ganjingworld.com/video/1fel4iek9pm1UmHFmqf6wCjmD1821c"
"完全匹配","《希望的路》第五集 忍辱传真相 慈悲化顽石","《希望的路》第五集：忍辱傳真相 慈悲化頑石","223","《希望的路》第五集-忍辱传真相-慈悲化顽石","https://www.tuidang.org/wp-content/uploads/2024/12/xiwangdelu5-1.mp4","https://www.ganjingworld.com/video/1fdeiucgrv72D5Q0MkFYbLIIr1gj1c"
"完全匹配","《希望的路》第四集 抹除印记 重获新生","《希望的路》第四集：抹除印记 重获新生
","149","《希望的路》第四集：抹除印记-重获新生","https://www.tuidang.org/wp-content/uploads/2022/11/xiwangdelu4-720P.mp4","https://www.ganjingworld.com/video/1fcdskklg7a4M7Ub8MeCdBVJ51u51c"
"完全匹配","《希望的路》第三集 慧眼识真机 善念有福报","《希望的路》第三集：慧眼識真機 善念有福報","150","《希望的路》第三集：慧眼识真机-善念有福报","https://www.tuidang.org/wp-content/uploads/2022/11/xiwangdelu3-720P.mp4","https://www.ganjingworld.com/video/1fa95o7ao1g7LY5orDFVM3yRy13v1c"
"完全匹配","《希望的路》第二集 惠风和畅 润物无声","《希望的路》第二集：惠風和暢 潤物無聲","275","《希望的路》第二集：惠风和畅-润物无声","https://www.tuidang.org/wp-content/uploads/2022/11/xiwangdelu2-720P.mp4","https://www.ganjingworld.com/video/1f81rtas73g3206071POArj7Y1671c"
"完全匹配","九评之九：评中国共产党的流氓本性","【九评之九】评中国共产党的流氓本性","701","《九评共产党》之九：评中国共产党的流氓本性","https://www.tuidang.org/wp-content/uploads/9ping/jpgcd_9.mp4","https://www.ganjingworld.com/video/1ft05hrnke052vDmvjYSmxKgJ17v1c"
"完全匹配","九评之八：评中国共产党的邪教本质","【九评之八】评中国共产党的邪教本质","441","《九评共产党》之八：评中国共产党的邪教本质","https://www.tuidang.org/wp-content/uploads/9ping/jpgcd_8.mp4","https://www.ganjingworld.com/video/1ft05hje70n3g2HVFAxk8hVDc1na1c"
"完全匹配","九评之七：评中国共产党的杀人历史","【九评之七】评中国共产党的杀人历史","164","《九评共产党》之七：评中国共产党的杀人历史","https://www.tuidang.org/wp-content/uploads/9ping/jpgcd_7.mp4","https://www.ganjingworld.com/video/1ft05hc0c104LXd3DQf8QnYhT12b1c"
"完全匹配","九评之六：评中国共产党破坏民族文化","【九评之六】评中国共产党破坏民族文化","252","《九评共产党》之六：评中国共产党破坏民族文化","https://www.tuidang.org/wp-content/uploads/9ping/jpgcd_6.mp4","https://www.ganjingworld.com/video/1ft05h4qfmi2HHDLGY1h2sMjZ1hj1c"
"完全匹配","九评之五：评江泽民与中共相互利用迫害法轮功","【九评之五】评江泽民与中共相互利用迫害法轮功","533","《九评共产党》之五：评江泽民与中共相互利用迫","https://www.tuidang.org/wp-content/uploads/9ping/jpgcd_5.mp4","https://www.ganjingworld.com/video/1ft01u9a35b5zyG1MogExJZ9a12h1c"
"完全匹配","九评之四：评共产党是反宇宙的力量","【九评之四】评共产党是反宇宙的力量","622","《九评共产党》之四：评共产党是反宇宙的力量","https://www.tuidang.org/wp-content/uploads/9ping/jpgcd_4.mp4","https://www.ganjingworld.com/video/1ft01sgna107GAYHVBn78yC5X18u1c"
"完全匹配","九评之三：评中国共产党的暴政","【九评之三】评中国共产党的暴政","562","《九评共产党》之三：评中国共产党的暴政","https://www.tuidang.org/wp-content/uploads/9ping/jpgcd_3.mp4","https://www.ganjingworld.com/video/1ft01rqgdl42BY2OhNMu448Wa1ah1c"
"完全匹配","九评之二：评中国共产党是怎样起家的","【九评之二】评中国共产党是怎样起家的","625","《九评共产党》之二：评中国共产党是怎样起家的","https://www.tuidang.org/wp-content/uploads/9ping/jpgcd_2.mp4","https://www.ganjingworld.com/video/1ft01r7kjgm1MpZ0WecllJyCR13h1c"
"完全匹配","九评之一：评共产党是什么","【九评之一】评共产党是什么","176","九评之一：评共产党是什么","https://www.tuidang.org/wp-content/uploads/9ping/jpgcd_1.mp4","https://www.ganjingworld.com/video/1ft01qhv6gk7eIaVSpg3rKcyF1v91c"
"疑似-待确认","红墙将塌 全民唾弃中共的时代已到来","红墙将塌 全民唾弃中共的时代已到来——易蓉在庆祝《九评》发表19周年集会上的发言","297","红墙即将倒塌-退出中共保平安","https://www.tuidang.org/wp-content/uploads/2023/11/20231119yirong.mp4","https://www.ganjingworld.com/video/1gaqtm5mfcs5ywUTT79BOSPsC1qj1c"
"疑似-待确认","我真心希望大家站出来 共同呼吁解体中共——维权人士李青（四）","我真心希望大家站出来 共同呼吁解体中共——维权人士李青（四）更新","403","希望大家站出来-共同呼吁中共解体-维权人士李","https://www.tuidang.org/wp-content/uploads/2023/10/liqing.mp4","https://www.ganjingworld.com/video/1g708vvc3ss7iO91bRjjOlbdp1211c"
"疑似-待确认","法轮功学员王珊珊 我的家庭因修炼法轮功被中共迫害的经历","7.20DC反迫害24周年集会 法轮功学员王珊珊 我的家庭因修炼法轮功被中共迫害的经历 ","108","法轮功学员王珊珊-我的家庭因修炼法轮功被中共迫","https://www.tuidang.org/wp-content/uploads/2023/08/LydiaWang.mp4","https://www.ganjingworld.com/video/1g2l0opfcop6a1zCYIEFncDmT1fs1c"
"疑似-待确认","美国国际宗教自由委员会主席 亚伯拉罕·库珀 利用所有手段反暴行 追究中共罪责","7.20DC反迫害24周年集会 美国国际宗教自由委员会主席 亚伯拉罕·库珀 利用所有手段反暴行 追究中共罪责","112","美国国际宗教自由委员会主席-亚伯拉罕·库珀-利用","https://www.tuidang.org/wp-content/uploads/2023/08/Abraham-Cooper.mp4","https://www.ganjingworld.com/video/1g2jgg04sdanu6ObmNEb0EicE1351c"
"疑似-待确认","全球基督教会卡特蒂莫斯宣导主任 费思·麦克唐纳 邪恶无法战胜光明","7.20DC反迫害24周年集会 全球基督教会卡特蒂莫斯宣导主任 费思·麦克唐纳 邪恶无法战胜光明","96","全球基督教会卡特蒂莫斯宣导主任-费思·麦克唐纳","https://www.tuidang.org/wp-content/uploads/2023/08/Faith-McDonnell.mp4","https://www.ganjingworld.com/video/1g2c6su9noe1FNu99AABEoUck17b1c"
"疑似-待确认","“基督教自由国际”总裁温迪·赖特 法轮功学员对中共邪恶暴政的曝光正在引发一种巨变","7.20DC反迫害24周年集会 “基督教自由国际”总裁温迪·赖特 法轮功学员对中共邪恶暴政的曝光正在引发一种巨变","81","基督教自由国际总裁温迪·赖特-法轮功学员对","https://www.tuidang.org/wp-content/uploads/2023/08/Wendy-Wright-1.mp4","https://www.ganjingworld.com/video/1g2886o12803ZQc42ElsIM38b19l1c"
"疑似-待确认","哈德逊研究所宗教自由中心主任 尼娜·谢伊 中共对法轮功学员活摘器官是种族灭绝","7.20DC反迫害24週年集會 哈德逊研究所宗教自由中心主任 尼娜·谢伊 中共对法轮功学员活摘器官是种族灭绝","98","哈德逊研究所宗教自由中心主任-尼娜·谢伊-中共对","https://www.tuidang.org/wp-content/uploads/2023/08/Nina-Shea.mp4","https://www.ganjingworld.com/video/1g1s82t92pj33bLsZ7MQwsthT1n91c"
"疑似-待确认","美国“捍卫自由国际联盟”法律顾问 肖恩·纳尔逊 法轮功是所有被中共迫害者的声音","7.20DC反迫害24週年集會 美国“捍卫自由国际联盟”法律顾问 肖恩·纳尔逊 法轮功是所有被中共迫害者的声音","153","美国捍卫自由国际联盟法律顾问-肖恩·纳尔逊","https://www.tuidang.org/wp-content/uploads/2023/08/Sean-Nelson.mp4","https://www.ganjingworld.com/video/1g1qjrjps305gpIArFme9pH3N1fo1c"
"疑似-待确认","高级外交政策顾问 皮耶罗·托齐 谴责中共所有针对法轮功的虐待行为","7.20DC反迫害24周年集会 高级外交政策顾问 皮耶罗·托齐 谴责中共所有针对法轮功的虐待行为","252","高级外交政策顾问-皮耶罗·托齐-谴责中共所有针对","https://www.tuidang.org/wp-content/uploads/2023/07/Piero-Tozzi.mp4","https://www.ganjingworld.com/video/1g1k1qtonaa4oka2ziXAMWzCB16c1c"
"疑似-待确认","走线母亲张艳（一）——中共不让我的孩子融入主流社会","走线母亲张艳（一）中共不让我的孩子融入主流社会#走線","323","走线母亲张艳采访（一）-中共不让我的孩子融","https://www.tuidang.org/wp-content/uploads/2023/06/20230521zhangyan1-1.mp4","https://www.ganjingworld.com/video/1ftin0rrt7fgTJ78VxcXovZyG1p21c"
"疑似-待确认","易蓉：退出中共组织 选择光明未来","全球退党服务中心主席易蓉：退出中共组织 选择光明未来","203","易蓉：退出中共组织-选择光明未来","https://www.tuidang.org/wp-content/uploads/2023/04/20230423yirong.mp4","https://www.ganjingworld.com/video/1frvif7g0pi4p2Qa2NCRPiksD19p1c"
"疑似-待确认","李军：“425”精神的本质是“利他”的","独立电视制片人，资深媒体人李军：“425”精神的本质是“利他”的","220","李军：425精神的本质是利他的","https://www.tuidang.org/wp-content/uploads/2023/04/20230423lijun.mp4","https://www.ganjingworld.com/video/1fs1qllsf5m34WTFWTsH0SM3r1341c"
"疑似-待确认","《希望的路》第七集 海归破迷障 欣然退邪党","第七集 海归破迷障 欣然退邪党","279","《希望的路》第七期-海归破迷障-欣然退邪党","https://www.tuidang.org/wp-content/uploads/2022/12/xiwangdelu7.mp4","https://www.ganjingworld.com/video/1g0arf2de0b1SJcNjrivEBTi11a31c"
"疑似-待确认","各界名流庆四亿勇士三退 EndCCP环美车队穿越48州","《退黨洪流》第十三期 各界名流慶四億勇士三退 EndCCP環美車隊穿越48州","338","各界名流庆四亿勇士三退-endccp环美车队穿越48州","https://www.tuidang.org/wp-content/uploads/2022/11/tuidanghongliu13.mp4","https://www.ganjingworld.com/video/1fbn087puf8orVpqXIgYFTknB16t1c"