"序号","标题","体积MB","时长","发布日期","当前文件地址","站内slug","干净世界地址(上传后填)"
"1","纽约五千人大游行 庆祝法轮大法传世31周年","701","30:43","2023-05-18","https://www.tuidang.org/wp-content/uploads/2023/05/20230512manhadunyouxing.mp4","纽约五千人大游行-庆祝法轮大法传世31周年-2",""
"2","退党纪录片《四亿人的觉醒》全球首映 观众：太震撼","491","36:57","2023-09-18","https://www.tuidang.org/wp-content/uploads/2023/09/20230917shouyingshi.mp4","退党大潮调查纪录片《四亿人的觉醒》全球首映",""
"3","看《四亿人的觉醒》 加入三退大潮","419","2:09:12","2023-11-30","https://www.tuidang.org/wp-content/uploads/2023/12/360Pweb.mp4","《四亿人的觉醒》促人大悟-导演：望全民三退",""
"4","纽约法轮功盛大游行 纪念4‧25和平上访24周年","382","11:21","2023-05-07","https://www.tuidang.org/wp-content/uploads/2023/05/20230423dsfzyouxing.mp4","纽约法轮功盛大游行-纪念4‧25和平上访24周年-2",""
"5","翟德云：感谢《九评》让我成长","375","12:08","2023-11-20","https://www.tuidang.org/wp-content/uploads/2023/11/20231119zhaideyun.mp4","翟德云：感谢《九评》让我成长",""
"6","【退党洪流】第十五期：江泽民死了 中共穷途末路 巨变在即","358","36:05","2023-01-03","https://www.tuidang.org/wp-content/uploads/2023/01/TDHL15_720P.mp4","【退党洪流】江泽民死了-中共穷途末路-巨变在即",""
"7","全球退党服务中心获褒奖 纽约官员：制止中共暴政","354","3:01","2023-06-30","https://www.tuidang.org/wp-content/uploads/2023/08/20230820changdao.mp4","全球退党服务中心获褒奖-纽约官员：制止中共暴政",""
"8","国企干部：让我们 一起来推倒中共 退垮中共","353","12:55","2024-04-30","https://www.tuidang.org/wp-content/uploads/2024/04/caiyuanxingnew.mp4","国企干部：让我们-一起来推倒中共-退垮中共",""
"9","李国涛：自有了《九评》 中国人从此走向觉醒","353","6:44","2023-11-20","https://www.tuidang.org/wp-content/uploads/2023/11/20231119liguotao.mp4","李国涛：自有了《九评》-中国人从此走向觉醒",""
"10","资深国际媒体人：共产党带给世界的是共同的痛苦、贫穷与邪恶","352","42:20","2024-11-01","https://www.tuidang.org/wp-content/uploads/2024/11/Mike1-720p.mp4","共產黨帶給世界的是共同的痛苦、貧窮與邪惡",""
"11","《四亿人的觉醒》近期将在新唐人电视台连续播放","351","2:28","2023-10-31","https://www.tuidang.org/wp-content/uploads/2023/10/yugaopian.mp4","《四亿人的觉醒》近期将在新唐人电视台连续播放",""
"12","三退民众李昕燕：”九字真言”给我力量和安全","335","37:19","2024-07-13","https://www.tuidang.org/wp-content/uploads/2024/07/lixinyan720p.mp4","三退民众李昕燕：九字真言给我力量和安全",""
"13","叶宁：《九评》为全人类填补了历史性空白","332","5:35","2023-11-20","https://www.tuidang.org/wp-content/uploads/2023/11/20231119yening.mp4","叶宁：《九评》为全人类填补了历史性空白",""
"14","安东——“我看到前总统在电视上推广书籍《九评共产党》”","332","14:49","2024-07-23","https://www.tuidang.org/wp-content/uploads/2024/07/20240720C0986.mp4","安东-前乌克兰总统在电视上推广书籍《九评共",""
"15","【退党洪流】第十七期 擂响反共战鼓 谴责社会主义","325","34:22","2023-04-24","https://www.tuidang.org/wp-content/uploads/2023/04/tdhl17.mp4","【退党洪流】第十七期-擂响反共战鼓-谴责社会主义",""
"16","旅美华人：“三退”是非常好的解体中共的方式","320","3:15","2024-05-02","https://www.tuidang.org/wp-content/uploads/2024/05/luoxiansheng.mp4","路人罗先生：三退是非常好的解体中共的方式",""
"17","【退党洪流】第十六期 避疫有良方欧美亚抗共","305","36:04","2023-02-10","https://www.tuidang.org/wp-content/uploads/2023/02/tdhl16.mp4","【退党洪流】第十六期-避疫有良方欧美亚抗共",""
"18","组图：纽约法轮功学员举行盛大游行 声援4.15亿民众退出中共党团队","280","7:33","2023-07-16","https://www.tuidang.org/wp-content/uploads/2023/09/20230715youxing.mp4","693054",""
"19","《九评共产党》应该纳入美国学生教育系统——资深国际媒体人迈克·科恩","257","10:11","2024-11-12","https://www.tuidang.org/wp-content/uploads/2024/11/20241103mike.mp4","即使是盲人也知道，中共必须被终结-美国资深",""
"20","【三退大潮】退党义工：海外华人要清醒 勿做中共帮凶","254","2:35","2023-03-04","https://www.tuidang.org/wp-content/uploads/2023/02/David-Fang.mp4","【三退大潮】退党义工：海外华人要清醒-勿做中共",""
"21","【三退大潮】取得一张退党证明是一个黑和白的问题","253","20:51","2023-03-22","https://www.tuidang.org/wp-content/uploads/2023/03/zhaideyunnew-1080p.mp4","【三退大潮】顺应天时-选择三退保平安",""
"22","纽约纪念4‧25集会 社区领袖：法拉盛不会容忍迫害","252","3:30","2023-05-09","https://www.tuidang.org/wp-content/uploads/2023/05/20230423Martha-yanjiang.mp4","纽约纪念4‧25集会-社区领袖：法拉盛不会容忍迫害",""
"23","宋颜杰：自己还有一颗正直的心 今天就三退","236","10:23","2023-05-23","https://www.tuidang.org/wp-content/uploads/2023/05/20230512songyanjie.mp4","宋颜杰：自己还有一颗正直的心-今天就三退",""
"24","视频：曼哈顿大游行 声援4.1亿勇士退出中共","231","16:57","2023-05-15","https://www.tuidang.org/wp-content/uploads/2023/05/20230512dsfzyouxing720p.mp4","视频：曼哈顿大游行-声援4-1亿勇士退出中共",""
"25","【退党洪流】不求回报 只想给你一条希望的路","207","29:47","2022-06-30","https://www.tuidang.org/wp-content/uploads/2022/11/tuidanghongliu12.mp4","【退党洪流】不求回报-只想给你一条希望的路",""
"26","“七・一”全球退党日 纽约真相车游","197","2:41","2023-07-03","https://www.tuidang.org/wp-content/uploads/2023/07/20230701news.mp4","「七·一」全球退黨日-紐約真相車遊",""
"27","纽约法轮功反迫害游行 侨民：他们是真爱国者","192","4:20","2023-07-16","https://www.tuidang.org/wp-content/uploads/2023/09/20200715dsfzyouxing.mp4","纽约法轮功反迫害游行-侨民：他们是真爱国者",""
"28","相信这无法相信的事","190","4:06","2026-02-07","https://www.tuidang.org/wp-content/uploads/2026/07/xxzwfxxds.mp4","相信这无法相信的事",""
"29","纽约立法者褒奖退党中心 贺4.15亿人三退","189","4:17","2023-07-01","https://www.tuidang.org/wp-content/uploads/2023/09/20230820changdao2.mp4","纽约立法者褒奖退党中心-贺4-15亿人三退",""
"30","蓝托斯人权和正义基金会主席 卡特里娜‧蓝托斯‧斯维特 你们为所有中国人的信仰自由而战","180","7:57","2023-08-03","https://www.tuidang.org/wp-content/uploads/2023/08/Katrina-Lantos-Swett.mp4","蓝托斯人权和正义基金会主席-卡特里娜‧蓝托斯‧",""
"31","【三退大潮】人权律师吴绍平：没有中共 中国才有希望(二)","179","23:51","2022-10-14","https://www.tuidang.org/wp-content/uploads/2022/11/wushaoping2.mp4","【三退大潮】人权律师吴绍平：没有中共-中国才-2",""
"32","纽约纪念4‧25集会 法轮功俱乐部主席：法轮大法好! 迫害必须停止！","176","7:45","2023-05-10","https://www.tuidang.org/wp-content/uploads/2023/05/20230423ouyangliyanjiang.mp4","纽约纪念4‧25集会-法轮功俱乐部主席：法轮大法好",""
"33","【退党洪流】END CCP征签年破百万 民众认清共产主义邪恶","168","36:38","2021-10-31","https://www.tuidang.org/wp-content/uploads/2022/11/tuidanghongliu7.mp4","【退党洪流】end-ccp征签年破百万-民众认清共产主义邪",""
"34","【退党洪流】全球灭共正加速 民众翻墙识正邪","162","39:44","2021-10-31","https://www.tuidang.org/wp-content/uploads/2022/11/tuidanghongliu6.mp4","【退党洪流】全球灭共正加速-民众翻墙识正邪",""
"35","【三退大潮】蔡桂华：让中国人获得自由（三）","159","23:54","2022-12-29","https://www.tuidang.org/wp-content/uploads/2022/12/caiguihua3.mp4","【三退大潮】蔡桂华：让中国人获得自由（三）",""
"36","【三退大潮】蔡桂华：让中国人获得自由（二）","158","24:55","2022-12-28","https://www.tuidang.org/wp-content/uploads/2022/12/caiguihua2.mp4","【三退大潮】蔡桂华：让中国人获得自由（二）",""
"37","【三退大潮】人权律师吴绍平：没有中共 中国才有希望(四)","157","21:43","2022-11-25","https://www.tuidang.org/wp-content/uploads/2022/11/wushaoping4.mp4","【三退大潮】人权律师吴绍平：没有中共，中国才",""
"38","【三退大潮】纽约逾千退党义工游行 声援大陆民众三退","156","12:55","2023-03-05","https://www.tuidang.org/wp-content/uploads/2023/03/20230226-720p.mp4","【三退大潮】纽约逾千退党义工在布鲁克林游行",""
"39","【退党洪流】退党中心受褒奖 蓬佩奥揭露中共","155","34:49","2022-12-22","https://www.tuidang.org/wp-content/uploads/2022/12/tdhl14.mp4","【退党洪流】退党中心受褒奖-蓬佩奥揭露中共",""
"40","【三退大潮】叶宁：三退是中华民族的希望(中)","151","21:17","2022-09-21","https://www.tuidang.org/wp-content/uploads/2022/11/yening2.mp4","【三退大潮】叶宁：三退是中华民族的希望中",""
"41","唐柏桥：这个世界一切的乱源来自于中共","150","6:19","2024-11-05","https://www.tuidang.org/wp-content/uploads/2024/11/tangbaiqiaofy.mp4","唐柏桥：这个世界一切的乱源来自于中共",""
"42","杨峰：在纪念《九评》发表二十周年集会上的发言","149","6:15","2024-11-04","https://www.tuidang.org/wp-content/uploads/2024/11/yangfengfy.mp4","杨峰：在纪念《九评》发表二十周年集会上的发言",""
"43","新移民：我敬佩法轮功 不再相信中共的任何话语","146","4:39","2023-04-25","https://www.tuidang.org/wp-content/uploads/2023/04/20230423chenquanhong.mp4","新移民：我敬佩法轮功-不再相信中共的任何话语",""
"44","【三退大潮】人权律师吴绍平：没有中共 中国才有希望(一)","146","22:53","2022-10-09","https://www.tuidang.org/wp-content/uploads/2022/11/wushaoping1.mp4","【三退大潮】人权律师吴绍平：没有中共-中国才有",""
"45","【三退大潮】叶宁：三退是中华民族的希望(下)","143","18:12","2022-09-25","https://www.tuidang.org/wp-content/uploads/2022/11/yening3.mp4","【三退大潮】叶宁：三退是中华民族的希望下",""
"46","赵慧子：君子不立于危墙之下 远离中共","143","4:16","2023-04-30","https://www.tuidang.org/wp-content/uploads/2023/04/20230423集會-趙慧子採訪.mp4","赵慧子：君子不立于危墙之下-远离中共",""
"47","郭雷：正义之士必须退出邪恶的中共组织","142","4:45","2023-04-30","https://www.tuidang.org/wp-content/uploads/2023/04/20230423集會-郭雷採訪.mp4","郭雷：正义之士必须退出邪恶的中共组织",""
"48","李宗民：中共是非法组织 十多年前就已三退","135","5:57","2023-05-23","https://www.tuidang.org/wp-content/uploads/2023/05/20230513lizongmin.mp4","李宗民：中共是非法组织，十多年前就已三退",""
"49","宫凯：共产党不铲除 中国没有未来","134","6:00","2024-11-11","https://www.tuidang.org/wp-content/uploads/2024/11/gongkaicf.mp4","宫凯：共产党不铲除-中国没有未来",""
"50","迈克：终结中共将使世界变得更好","134","5:37","2024-11-04","https://www.tuidang.org/wp-content/uploads/2024/11/MIKEfy.mp4","迈克：终结中共将使世界变得更好",""
"51","王学科：中共是毒药 邪恶本质永远不会改变","133","5:35","2024-11-04","https://www.tuidang.org/wp-content/uploads/2024/11/wangxuekefy.mp4","王学科：中共是毒药-邪恶本质永远不会改变",""
"52","追查迫害法轮功国际组织主席汪志远：铁证如山 中共是祸害人类的恶魔","130","5:46","2023-07-30","https://www.tuidang.org/wp-content/uploads/2023/07/wangzhiyuan.mp4","「追查迫害法轮功国际组织」主席汪志远：铁证如",""
"53","【三退大潮】蔡桂华：让中国人获得自由（四）","130","19:52","2023-01-08","https://www.tuidang.org/wp-content/uploads/2023/01/caiguihua4.mp4","【三退大潮】蔡桂华：让中国人获得自由（四）",""
"54","【三退大潮】叶宁：三退是中华民族的希望(上)","128","18:32","2022-09-19","https://www.tuidang.org/wp-content/uploads/2022/11/yening1.mp4","【三退大潮】叶宁：三退是中华民族的希望上",""
"55","易中原：《九评共产党》引领全球华人精神觉醒退党浪潮","128","5:22","2024-11-04","https://www.tuidang.org/wp-content/uploads/2024/11/yizhongyuanfy.mp4","易中原：《九评共产党》引领全球华人精神觉醒退",""
"56","李军：我很幸运 20年前就彻底认清中共","126","5:18","2024-11-04","https://www.tuidang.org/wp-content/uploads/2024/11/lijunfy.mp4","李军：我很幸运-20年前就彻底认清中共",""
"57","【三退大潮】陈闯创：中共没有执政合法性 远离它更安全","125","6:50","2023-02-28","https://www.tuidang.org/wp-content/uploads/2024/12/chenchuangchuangnew.mp4","【三退大潮】陈闯创：中共没有执政合法性-远离它",""
"58","陈闯创：为《九评》点赞，为那些传播真相的人点赞","125","5:15","2024-11-05","https://www.tuidang.org/wp-content/uploads/2024/11/chenchuangchuangfy.mp4","陈闯创：为《九评》点赞，为那些传播真相的人点",""
"59","【组图】纽约法轮功反迫害游行 声援4.3亿人三退","124","3:41","2024-07-21","https://www.tuidang.org/wp-content/uploads/2024/07/720tangrenjieyouxing.mp4","【组图】纽约法轮功反迫害游行-声援4-3亿人三退",""
"60","2023年法拉盛华人新年遊行 退党服务中心传递重要信息：三退保平安","117","9:43","2023-03-07","https://www.tuidang.org/wp-content/uploads/2023/03/20230122-720p.mp4","2023年法拉盛华人新年遊行-退党服务中心传递重要信",""
"61","托马斯：中共的“主义”只是用来控制民众的手段","116","4:53","2024-11-04","https://www.tuidang.org/wp-content/uploads/2024/11/TOMfy.mp4","托马斯：中共的主义只是用来控制民众的手段",""
"62","《退党洪流》期盼黑暗之黎明 迎接新生活","113","30:54","2021-10-31","https://www.tuidang.org/wp-content/uploads/2022/11/tuidanghongliu8.mp4","《退党洪流》期盼黑暗之黎明-迎接新生活",""
"63","“家庭研究委员会”宗教自由中心副主任 阿里尔·德尔·图尔科 中共是对人权最大威胁","111","4:54","2023-08-05","https://www.tuidang.org/wp-content/uploads/2023/08/Arielle-Del-Turco.mp4","家庭研究委员会宗教自由中心副主任-阿里尔·德尔",""
"64","李军：中国民众，你三退了吗？","110","3:43","2023-04-30","https://www.tuidang.org/wp-content/uploads/2023/04/20230423集會-李軍採訪.mp4","李军：中国民众，你三退了吗？",""
"65","【退党洪流】美国战略转移剑指中共 三退抹毒誓成当务之急","103","32:15","2021-10-31","https://www.tuidang.org/wp-content/uploads/2022/11/tuidanghongliu9.mp4","【退党洪流】美国战略转移剑指中共-三退抹毒誓成",""
"66","【三退大潮】人权律师吴绍平：没有中共 中国才有希望(三)","102","19:34","2022-11-25","https://www.tuidang.org/wp-content/uploads/2022/11/wushaoping3.mp4","【三退大潮】人权律师吴绍平：没有中共-中国才",""
"67","《希望的路》第七十集 中共迫害新疆等少数民族 中国军人坚决三退","99","14:26","2024-10-10","https://www.tuidang.org/wp-content/uploads/2024/10/xwdl050new.mp4","《希望的路》第七十集-中共迫害新疆等少数民族-中",""
"68","中共不是一个政党 是一个恐怖的邪教组织","93","6:48","2022-01-04","https://www.tuidang.org/wp-content/uploads/2022/11/tuidanghongliu11.mp4","中共不是一个政党-是一个恐怖的邪教组织",""
"69","Martha：解体中共，结束迫害","91","3:50","2024-11-05","https://www.tuidang.org/wp-content/uploads/2024/11/Marthafy.mp4","martha：解体中共，结束迫害",""
"70","王珊珊：没有共产党 才有更好的新中国","87","2:56","2023-04-30","https://www.tuidang.org/wp-content/uploads/2023/04/20230423集會-王姍姍採訪.mp4","王珊珊：没有共产党-才有更好的新中国",""
"71","周锋锁：加入过中共相关组织的人有义务从中脱离","85","2:52","2023-04-30","https://www.tuidang.org/wp-content/uploads/2023/04/20230423集會-周峰鎖採訪.mp4","周峰锁：加入过中共相关组织的人有义务与之决裂",""
"72","“自由之家”高级顾问 沙拉·库克 美国不要屈服中共 追究迫害官员罪责","85","6:20","2023-08-06","https://www.tuidang.org/wp-content/uploads/2023/08/Sarah-Cook.mp4","自由之家高级顾问-沙拉·库克-美国不要屈服中",""
"73","【三退大潮】蔡桂华：让中国人获得自由（一）","84","14:53","2022-12-22","https://www.tuidang.org/wp-content/uploads/2022/12/caiguihua1.mp4","【三退大潮】蔡桂华：让中国人获得自由（一）",""
"74","纽约民众放鞭炮庆祝恶贯满盈的江泽民死亡","79","3:55","2022-12-03","https://www.tuidang.org/wp-content/uploads/2022/12/IMG_9175.mp4","纽约民众放鞭炮庆祝恶贯满盈的江泽民死亡",""
"75","张菁：摆脱中共的枷锁，有尊严的活着并且活得明明白白、活出自己！","76","3:12","2024-11-05","https://www.tuidang.org/wp-content/uploads/2024/11/zhangjingfy.mp4","张菁：摆脱中共的枷锁，有尊严的活着并且活得明",""
"76","《九评》问世19周年 世人觉醒 超4.2亿人三退","73","2:30","2023-11-19","https://www.tuidang.org/wp-content/uploads/2023/11/20231117_141844-video_720P.mp4","《九评》问世19周年-世人觉醒-超4-2亿人三退",""
"77","梁丰收：逃离中共 必须三退","70","3:09","2023-05-23","https://www.tuidang.org/wp-content/uploads/2023/05/20230512ilangfengshou.mp4","梁丰收：逃离中共-必须三退",""
"78","走线华人感激三退义工 呼吁认清中共勿陪葬","47","2:02","2024-01-15","https://www.tuidang.org/wp-content/uploads/2024/01/20240111_146141-video_720P.mp4","走线华人感激三退义工-呼吁认清中共勿陪葬",""
"79","看《九评》 明真相 原大陆外贸职员声明三退","44","1:46","2023-12-15","https://www.tuidang.org/wp-content/uploads/2023/12/20231124_142337-video_720P.mp4","看《九评》-明真相-原大陆外贸职员声明三退",""
"80","《四亿人的觉醒》悉尼首映 学者赞三退”功德无量”","23","2:47","2023-11-06","https://www.tuidang.org/wp-content/uploads/2023/11/siyirenjuexing-xini.mp4","《四亿人的觉醒》悉尼首映-学者赞三退功德无量",""
"81","纪录片《四亿人的觉醒》西澳首映","16","1:32","2023-10-12","https://www.tuidang.org/wp-content/uploads/2023/10/20231010_139085-video_720P.mp4","纪录片《四亿人的觉醒》西澳首映",""