"标题","体积MB","时长","发布日期","当前地址","站内slug"
"纽约五千人大游行 庆祝法轮大法传世31周年","701","30:43","2023-05-18","https://www.tuidang.org/wp-content/uploads/2023/05/20230512manhadunyouxing.mp4","纽约五千人大游行-庆祝法轮大法传世31周年-2"
"【退党洪流】第十五期：江泽民死了 中共穷途末路 巨变在即","358","36:05","2023-01-03","https://www.tuidang.org/wp-content/uploads/2023/01/TDHL15_720P.mp4","【退党洪流】江泽民死了-中共穷途末路-巨变在即"
"《四亿人的觉醒》近期将在新唐人电视台连续播放","351","2:28","2023-10-31","https://www.tuidang.org/wp-content/uploads/2023/10/yugaopian.mp4","《四亿人的觉醒》近期将在新唐人电视台连续播放"
"安东——“我看到前总统在电视上推广书籍《九评共产党》”","332","14:49","2024-07-23","https://www.tuidang.org/wp-content/uploads/2024/07/20240720C0986.mp4","安东-前乌克兰总统在电视上推广书籍《九评共"
"【退党洪流】第十七期 擂响反共战鼓 谴责社会主义","325","34:22","2023-04-24","https://www.tuidang.org/wp-content/uploads/2023/04/tdhl17.mp4","【退党洪流】第十七期-擂响反共战鼓-谴责社会主义"
"【退党洪流】第十六期 避疫有良方欧美亚抗共","305","36:04","2023-02-10","https://www.tuidang.org/wp-content/uploads/2023/02/tdhl16.mp4","【退党洪流】第十六期-避疫有良方欧美亚抗共"
"组图：纽约法轮功学员举行盛大游行 声援4.15亿民众退出中共党团队","280","7:33","2023-07-16","https://www.tuidang.org/wp-content/uploads/2023/09/20230715youxing.mp4","693054"
"《九评共产党》应该纳入美国学生教育系统——资深国际媒体人迈克·科恩","257","10:11","2024-11-12","https://www.tuidang.org/wp-content/uploads/2024/11/20241103mike.mp4","即使是盲人也知道，中共必须被终结-美国资深"
"【三退大潮】退党义工：海外华人要清醒 勿做中共帮凶","254","2:35","2023-03-04","https://www.tuidang.org/wp-content/uploads/2023/02/David-Fang.mp4","【三退大潮】退党义工：海外华人要清醒-勿做中共"
"【三退大潮】取得一张退党证明是一个黑和白的问题","253","20:51","2023-03-22","https://www.tuidang.org/wp-content/uploads/2023/03/zhaideyunnew-1080p.mp4","【三退大潮】顺应天时-选择三退保平安"
"宋颜杰：自己还有一颗正直的心 今天就三退","236","10:23","2023-05-23","https://www.tuidang.org/wp-content/uploads/2023/05/20230512songyanjie.mp4","宋颜杰：自己还有一颗正直的心-今天就三退"
"纽约法轮功反迫害游行 侨民：他们是真爱国者","192","4:20","2023-07-16","https://www.tuidang.org/wp-content/uploads/2023/09/20200715dsfzyouxing.mp4","纽约法轮功反迫害游行-侨民：他们是真爱国者"
"相信这无法相信的事","190","4:06","2026-02-07","https://www.tuidang.org/wp-content/uploads/2026/07/xxzwfxxds.mp4","相信这无法相信的事"
"纽约立法者褒奖退党中心 贺4.15亿人三退","189","4:17","2023-07-01","https://www.tuidang.org/wp-content/uploads/2023/09/20230820changdao2.mp4","纽约立法者褒奖退党中心-贺4-15亿人三退"
"【退党洪流】END CCP征签年破百万 民众认清共产主义邪恶","168","36:38","2021-10-31","https://www.tuidang.org/wp-content/uploads/2022/11/tuidanghongliu7.mp4","【退党洪流】end-ccp征签年破百万-民众认清共产主义邪"
"【退党洪流】全球灭共正加速 民众翻墙识正邪","162","39:44","2021-10-31","https://www.tuidang.org/wp-content/uploads/2022/11/tuidanghongliu6.mp4","【退党洪流】全球灭共正加速-民众翻墙识正邪"
"【三退大潮】蔡桂华：让中国人获得自由（三）","159","23:54","2022-12-29","https://www.tuidang.org/wp-content/uploads/2022/12/caiguihua3.mp4","【三退大潮】蔡桂华：让中国人获得自由（三）"
"【三退大潮】蔡桂华：让中国人获得自由（二）","158","24:55","2022-12-28","https://www.tuidang.org/wp-content/uploads/2022/12/caiguihua2.mp4","【三退大潮】蔡桂华：让中国人获得自由（二）"
"【三退大潮】纽约逾千退党义工游行 声援大陆民众三退","156","12:55","2023-03-05","https://www.tuidang.org/wp-content/uploads/2023/03/20230226-720p.mp4","【三退大潮】纽约逾千退党义工在布鲁克林游行"
"【退党洪流】退党中心受褒奖 蓬佩奥揭露中共","155","34:49","2022-12-22","https://www.tuidang.org/wp-content/uploads/2022/12/tdhl14.mp4","【退党洪流】退党中心受褒奖-蓬佩奥揭露中共"
"新移民：我敬佩法轮功 不再相信中共的任何话语","146","4:39","2023-04-25","https://www.tuidang.org/wp-content/uploads/2023/04/20230423chenquanhong.mp4","新移民：我敬佩法轮功-不再相信中共的任何话语"
"赵慧子：君子不立于危墙之下 远离中共","143","4:16","2023-04-30","https://www.tuidang.org/wp-content/uploads/2023/04/20230423集會-趙慧子採訪.mp4","赵慧子：君子不立于危墙之下-远离中共"
"郭雷：正义之士必须退出邪恶的中共组织","142","4:45","2023-04-30","https://www.tuidang.org/wp-content/uploads/2023/04/20230423集會-郭雷採訪.mp4","郭雷：正义之士必须退出邪恶的中共组织"
"李宗民：中共是非法组织 十多年前就已三退","135","5:57","2023-05-23","https://www.tuidang.org/wp-content/uploads/2023/05/20230513lizongmin.mp4","李宗民：中共是非法组织，十多年前就已三退"
"宫凯：共产党不铲除 中国没有未来","134","6:00","2024-11-11","https://www.tuidang.org/wp-content/uploads/2024/11/gongkaicf.mp4","宫凯：共产党不铲除-中国没有未来"
"【三退大潮】蔡桂华：让中国人获得自由（四）","130","19:52","2023-01-08","https://www.tuidang.org/wp-content/uploads/2023/01/caiguihua4.mp4","【三退大潮】蔡桂华：让中国人获得自由（四）"
"易中原：《九评共产党》引领全球华人精神觉醒退党浪潮","128","5:22","2024-11-04","https://www.tuidang.org/wp-content/uploads/2024/11/yizhongyuanfy.mp4","易中原：《九评共产党》引领全球华人精神觉醒退"
"【三退大潮】陈闯创：中共没有执政合法性 远离它更安全","125","6:50","2023-02-28","https://www.tuidang.org/wp-content/uploads/2024/12/chenchuangchuangnew.mp4","【三退大潮】陈闯创：中共没有执政合法性-远离它"
"【组图】纽约法轮功反迫害游行 声援4.3亿人三退","124","3:41","2024-07-21","https://www.tuidang.org/wp-content/uploads/2024/07/720tangrenjieyouxing.mp4","【组图】纽约法轮功反迫害游行-声援4-3亿人三退"
"2023年法拉盛华人新年遊行 退党服务中心传递重要信息：三退保平安","117","9:43","2023-03-07","https://www.tuidang.org/wp-content/uploads/2023/03/20230122-720p.mp4","2023年法拉盛华人新年遊行-退党服务中心传递重要信"
"《退党洪流》期盼黑暗之黎明 迎接新生活","113","30:54","2021-10-31","https://www.tuidang.org/wp-content/uploads/2022/11/tuidanghongliu8.mp4","《退党洪流》期盼黑暗之黎明-迎接新生活"
"李军：中国民众，你三退了吗？","110","3:43","2023-04-30","https://www.tuidang.org/wp-content/uploads/2023/04/20230423集會-李軍採訪.mp4","李军：中国民众，你三退了吗？"
"【退党洪流】美国战略转移剑指中共 三退抹毒誓成当务之急","103","32:15","2021-10-31","https://www.tuidang.org/wp-content/uploads/2022/11/tuidanghongliu9.mp4","【退党洪流】美国战略转移剑指中共-三退抹毒誓成"
"中共不是一个政党 是一个恐怖的邪教组织","93","6:48","2022-01-04","https://www.tuidang.org/wp-content/uploads/2022/11/tuidanghongliu11.mp4","中共不是一个政党-是一个恐怖的邪教组织"
"王珊珊：没有共产党 才有更好的新中国","87","2:56","2023-04-30","https://www.tuidang.org/wp-content/uploads/2023/04/20230423集會-王姍姍採訪.mp4","王珊珊：没有共产党-才有更好的新中国"
"周锋锁：加入过中共相关组织的人有义务从中脱离","85","2:52","2023-04-30","https://www.tuidang.org/wp-content/uploads/2023/04/20230423集會-周峰鎖採訪.mp4","周峰锁：加入过中共相关组织的人有义务与之决裂"
"【三退大潮】蔡桂华：让中国人获得自由（一）","84","14:53","2022-12-22","https://www.tuidang.org/wp-content/uploads/2022/12/caiguihua1.mp4","【三退大潮】蔡桂华：让中国人获得自由（一）"
"纽约民众放鞭炮庆祝恶贯满盈的江泽民死亡","79","3:55","2022-12-03","https://www.tuidang.org/wp-content/uploads/2022/12/IMG_9175.mp4","纽约民众放鞭炮庆祝恶贯满盈的江泽民死亡"
"《九评》问世19周年 世人觉醒 超4.2亿人三退","73","2:30","2023-11-19","https://www.tuidang.org/wp-content/uploads/2023/11/20231117_141844-video_720P.mp4","《九评》问世19周年-世人觉醒-超4-2亿人三退"
"梁丰收：逃离中共 必须三退","70","3:09","2023-05-23","https://www.tuidang.org/wp-content/uploads/2023/05/20230512ilangfengshou.mp4","梁丰收：逃离中共-必须三退"
"走线华人感激三退义工 呼吁认清中共勿陪葬","47","2:02","2024-01-15","https://www.tuidang.org/wp-content/uploads/2024/01/20240111_146141-video_720P.mp4","走线华人感激三退义工-呼吁认清中共勿陪葬"
"看《九评》 明真相 原大陆外贸职员声明三退","44","1:46","2023-12-15","https://www.tuidang.org/wp-content/uploads/2023/12/20231124_142337-video_720P.mp4","看《九评》-明真相-原大陆外贸职员声明三退"
"《四亿人的觉醒》悉尼首映 学者赞三退”功德无量”","23","2:47","2023-11-06","https://www.tuidang.org/wp-content/uploads/2023/11/siyirenjuexing-xini.mp4","《四亿人的觉醒》悉尼首映-学者赞三退功德无量"