"匹配方式","标题(我们)","标题(干净世界)","所在频道","我们时长","干净时长","时长差(秒)","站内slug","干净世界地址"
"同版本-可直接用","《九评》问世19周年 世人觉醒 超4.2亿人三退","《九評》問世19周年 世人覺醒 超4.2億人三退｜ #新唐人新聞精選","新唐人精選新聞","2:30","2:29","1","《九评》问世19周年-世人觉醒-超4-2亿人三退","https://www.ganjingworld.com/embed/1gaechlraaf36f009oZQGTwSv1om1c"
"同版本-可直接用","相信这无法相信的事","相信這無法相信的事","追查國際","4:06","4:09","3","相信这无法相信的事","https://www.ganjingworld.com/embed/1g53h3qeukc7nVjtIfhh0YI3C19i1c"
"同版本-可直接用","《四亿人的觉醒》悉尼首映 学者赞三退”功德无量”","觀《四億人的覺醒》 學者讚三退「功德無量」｜ #新唐人新聞精選","新唐人精選新聞","2:47","2:46","1","《四亿人的觉醒》悉尼首映-学者赞三退功德无量","https://www.ganjingworld.com/embed/1g9g14te6gj2nnp9SK8cGhXBi1md1c"
"同版本-可直接用","纽约立法者褒奖退党中心 贺4.15亿人三退","纽约长岛苏福克县立法者弗洛特隆向全球退党服务中心颁发褒奖","退党中心 Global Quit CCP Center","4:17","4:16","1","纽约立法者褒奖退党中心-贺4-15亿人三退","https://www.ganjingworld.com/embed/1g4tiqo1kh03HrCLyQ1hxrffd18a1c"
"不同剪辑-需决定","易中原：《九评共产党》引领全球华人精神觉醒退党浪潮","纪念《九评共产党》发表20周年集会，退党中心主席易中原：《九评共产党》引领全球华人精神觉醒退党浪潮","大紐約新聞 Metro News","5:22","5:41","19","易中原：《九评共产党》引领全球华人精神觉醒退","https://www.ganjingworld.com/embed/1h64ia0ss1l7qiaqyYe3kS86T1371c"
"不同剪辑-需决定","【组图】纽约法轮功反迫害游行 声援4.3亿人三退","庆祝世界法轮大法日 纽约盛大游行  声援4.3亿人三退","退党中心 Global Quit CCP Center","3:41","4:06","25","【组图】纽约法轮功反迫害游行-声援4-3亿人三退","https://www.ganjingworld.com/embed/1gofsm5cv08mKOBRXtw88UREa12j1c"
"不同剪辑-需决定","走线华人感激三退义工 呼吁认清中共勿陪葬","走线华人感激三退义工 呼吁认清中共勿陪葬","傳真筒","2:02","2:20","18","走线华人感激三退义工-呼吁认清中共勿陪葬","https://www.ganjingworld.com/embed/1gev711lp9cx5RZ95iQiXLRJM1h01c"
"不同剪辑-需决定","看《九评》 明真相 原大陆外贸职员声明三退","看《九评》 明真相 原大陆外贸职员声明三退","傳真筒","1:46","1:59","13","看《九评》-明真相-原大陆外贸职员声明三退","https://www.ganjingworld.com/embed/1gch85bu2nl7McGMxnaLIzqb41fl1c"
"不同剪辑-需决定","纽约五千人大游行 庆祝法轮大法传世31周年","纽约五千人大游行 庆祝法轮大法传世31周年","清心","30:43","24:50","353","纽约五千人大游行-庆祝法轮大法传世31周年-2","https://www.ganjingworld.com/embed/1frqesd1n3c1BXJ3mEzneH9gb16f1c"
"不同剪辑-需决定","新移民：我敬佩法轮功 不再相信中共的任何话语","新移民：我敬佩法轮功 不再相信中共的任何话语","傳真筒","4:39","3:42","57","新移民：我敬佩法轮功-不再相信中共的任何话语","https://www.ganjingworld.com/embed/1fq8aoipekd5C44iKPC9uxzgR19n1c"
"不同剪辑-需决定","【三退大潮】取得一张退党证明是一个黑和白的问题","取得一张退党证书是一个黑和白的问题","傳真筒","20:51","6:52","839","【三退大潮】顺应天时-选择三退保平安","https://www.ganjingworld.com/embed/1fnbf0evup62strAgGh33Yb7U1781c"