序号,系列,标题,体积MB,时长,发布日期,当前文件地址,文件名,站内slug,干净世界地址(待填)
1,其它（单集）,纽约五千人大游行 庆祝法轮大法传世31周年,701,30:43,2023-05-18,https://www.tuidang.org/wp-content/uploads/2023/05/20230512manhadunyouxing.mp4,20230512manhadunyouxing.mp4,纽约五千人大游行-庆祝法轮大法传世31周年-2,
2,其它（单集）,九评之九：评中国共产党的流氓本性,701,,2020-08-05,https://www.tuidang.org/wp-content/uploads/9ping/jpgcd_9.mp4,jpgcd_9.mp4,《九评共产党》之九：评中国共产党的流氓本性,
3,其它（单集）,九评之二：评中国共产党是怎样起家的,625,,2020-08-05,https://www.tuidang.org/wp-content/uploads/9ping/jpgcd_2.mp4,jpgcd_2.mp4,《九评共产党》之二：评中国共产党是怎样起家的,
4,其它（单集）,九评之四：评共产党是反宇宙的力量,622,,2020-08-05,https://www.tuidang.org/wp-content/uploads/9ping/jpgcd_4.mp4,jpgcd_4.mp4,《九评共产党》之四：评共产党是反宇宙的力量,
5,其它（单集）,中国疫苗的副作用大面积爆发 可有应对之法？,605,25:26,2023-08-21,https://www.tuidang.org/wp-content/uploads/2023/08/zxzyj40.mp4,zxzyj40.mp4,中国疫苗的副作用大面积爆发-可有应对之法？,
6,其它（单集）,全球退党服务中心纽约游行 声援4.3亿人退出中共党团队,568,,2024-04-23,https://www.tuidang.org/wp-content/uploads/2024/04/youxing1.mov,youxing1.mov,纽约法轮功游行-声援4-3亿人退出中共党团队,
7,其它（单集）,九评之三：评中国共产党的暴政,562,,2020-08-05,https://www.tuidang.org/wp-content/uploads/9ping/jpgcd_3.mp4,jpgcd_3.mp4,《九评共产党》之三：评中国共产党的暴政,
8,其它（单集）,九评之五：评江泽民与中共相互利用迫害法轮功,533,,2020-08-05,https://www.tuidang.org/wp-content/uploads/9ping/jpgcd_5.mp4,jpgcd_5.mp4,《九评共产党》之五：评江泽民与中共相互利用迫,
9,其它（单集）,退党纪录片《四亿人的觉醒》全球首映 观众：太震撼,491,36:57,2023-09-18,https://www.tuidang.org/wp-content/uploads/2023/09/20230917shouyingshi.mp4,20230917shouyingshi.mp4,退党大潮调查纪录片《四亿人的觉醒》全球首映,
10,其它（单集）,九评之八：评中国共产党的邪教本质,441,,2020-08-05,https://www.tuidang.org/wp-content/uploads/9ping/jpgcd_8.mp4,jpgcd_8.mp4,《九评共产党》之八：评中国共产党的邪教本质,
11,其它（单集）,看《四亿人的觉醒》 加入三退大潮,419,2:09:12,2023-11-30,https://www.tuidang.org/wp-content/uploads/2023/12/360Pweb.mp4,360Pweb.mp4,《四亿人的觉醒》促人大悟-导演：望全民三退,
12,其它（单集）,我丈夫七窍流血死于非命 我被监禁在家——维权人士李青（三）,412,18:06,2023-10-02,https://www.tuidang.org/wp-content/uploads/2023/10/liqing3.mp4,liqing3.mp4,我丈夫七窍流血死于非命-我被监禁在家-维权人,
13,其它（单集）,易中原：全民反迫害 全民退垮中共的时代已经到來,407,,2024-04-23,https://www.tuidang.org/wp-content/uploads/2024/04/yizhongyuan.mov,yizhongyuan.mov,易中原：全民反迫害-全民退垮中共的时代已经到來,
14,其它（单集）,我真心希望大家站出来 共同呼吁解体中共——维权人士李青（四）,403,17:43,2023-10-06,https://www.tuidang.org/wp-content/uploads/2023/10/liqing.mp4,liqing.mp4,希望大家站出来-共同呼吁中共解体-维权人士李,
15,其它（单集）,做为中国人认清中共的邪恶本质是最重要的事——专访八九民运领袖 独立时评人 郑旭光（三）,400,17:35,2023-07-06,https://www.tuidang.org/wp-content/uploads/2023/07/20230611zhengxuguang3.mp4,20230611zhengxuguang3.mp4,做为中国人认清中共的邪恶本质是最重要的事,
16,其它（单集）,中共的“抗日”真相(上),400,16:52,2023-12-01,https://www.tuidang.org/wp-content/uploads/2023/12/J13a.mp4,J13a.mp4,中共的抗日真相上,
17,其它（单集）,将来国内退党运动一定风起云涌——专访民主救国阵线主席唐柏桥（下）,395,17:21,2023-06-05,https://www.tuidang.org/wp-content/uploads/2023/06/20230520tangbaiqiao3.mp4,20230520tangbaiqiao3.mp4,将来国内退党运动一定风起云涌-专访民主救国,
18,其它（单集）,纽约法轮功盛大游行 纪念4‧25和平上访24周年,382,11:21,2023-05-07,https://www.tuidang.org/wp-content/uploads/2023/05/20230423dsfzyouxing.mp4,20230423dsfzyouxing.mp4,纽约法轮功盛大游行-纪念4‧25和平上访24周年-2,
19,其它（单集）,中国共产党的存在就是全人类的灾难——维权人士张五洲（二）,382,16:48,2023-07-09,https://www.tuidang.org/wp-content/uploads/2023/07/20230602zhangwuzhou2-1.mp4,20230602zhangwuzhou2-1.mp4,中国共产党的存在就是全人类的灾难-维权人士,
20,其它（单集）,联合国世界追责组织荣誉主席 Frederick Newcomb：法轮功学员反抗中共迫害非常重要,377,7:30,2024-05-02,https://www.tuidang.org/wp-content/uploads/2024/05/Frederick-Newcomb.mp4,Frederick-Newcomb.mp4,联合国世界追责组织荣誉主席-frederick-new：法轮功学员反,
21,其它（单集）,翟德云：感谢《九评》让我成长,375,12:08,2023-11-20,https://www.tuidang.org/wp-content/uploads/2023/11/20231119zhaideyun.mp4,20231119zhaideyun.mp4,翟德云：感谢《九评》让我成长,
22,其它（单集）,在看守所里狱警折磨我 法轮功学员帮助我——维权人士张五洲（三）,370,12:02,2023-08-28,https://www.tuidang.org/wp-content/uploads/2023/08/20230602zhangwuzhou3-1.mp4,20230602zhangwuzhou3-1.mp4,在看守所里狱警折磨我-法轮功学员帮助我-维权,
23,其它（单集）,纪念六四34周年纽约法拉盛数百人集会,361,15:51,2023-06-05,https://www.tuidang.org/wp-content/uploads/2023/06/20230604caifang.mp4,20230604caifang.mp4,纪念六四34周年纽约法拉盛数百人集会游行,
24,其它（单集）,宫凯：翻墙后对我触动最大的就是《九评共产党》,359,22:40,2024-05-01,https://www.tuidang.org/wp-content/uploads/2024/05/gongkai.mp4,gongkai.mp4,宫凯：翻墙后对我触动最大的就是《九评共产党》,
25,其它（单集）,共产党是邪教 它就是让你要去做恶——维权人士倪金芳（三）,358,11:39,2023-11-04,https://www.tuidang.org/wp-content/uploads/2023/11/nijinfang3.mp4,nijinfang3.mp4,共产党是邪教-它就是让你要去做恶-维权人士倪-2,
26,其它（单集）,三退民众李昕燕：默念“法轮大法好、真善忍好”遇难成祥,356,6:01,2024-04-30,https://www.tuidang.org/wp-content/uploads/2024/05/lixinyannew.mp4,lixinyannew.mp4,李昕燕：默念法轮大法好、真善忍好遇难成祥,
27,其它（单集）,洪灾过后理性思考 我们的逃生之路在哪里？（上）,355,15:00,2023-09-12,https://www.tuidang.org/wp-content/uploads/2023/09/zxzyj41a.mp4,zxzyj41a.mp4,洪灾过后理性思考-我们的逃生之路在哪里？（上）,
28,其它（单集）,全球退党服务中心获褒奖 纽约官员：制止中共暴政,354,3:01,2023-06-30,https://www.tuidang.org/wp-content/uploads/2023/08/20230820changdao.mp4,20230820changdao.mp4,全球退党服务中心获褒奖-纽约官员：制止中共暴政,
29,其它（单集）,国企干部：让我们 一起来推倒中共 退垮中共,353,12:55,2024-04-30,https://www.tuidang.org/wp-content/uploads/2024/04/caiyuanxingnew.mp4,caiyuanxingnew.mp4,国企干部：让我们-一起来推倒中共-退垮中共,
30,其它（单集）,李国涛：自有了《九评》 中国人从此走向觉醒,353,6:44,2023-11-20,https://www.tuidang.org/wp-content/uploads/2023/11/20231119liguotao.mp4,20231119liguotao.mp4,李国涛：自有了《九评》-中国人从此走向觉醒,
31,其它（单集）,资深国际媒体人：共产党带给世界的是共同的痛苦、贫穷与邪恶,352,42:20,2024-11-01,https://www.tuidang.org/wp-content/uploads/2024/11/Mike1-720p.mp4,Mike1-720p.mp4,共產黨帶給世界的是共同的痛苦、貧窮與邪惡,
32,其它（单集）,四二五亲历者王会娟：决裂中共的三退大潮唤醒了世人最伟大的精神觉醒,350,14:48,2024-05-01,https://www.tuidang.org/wp-content/uploads/2024/05/wanghuijuan.mp4,wanghuijuan.mp4,四二五亲历者王会娟：决裂中共的三退大潮唤醒了,
33,其它（单集）,三退保平安 “三退”才是正确的选择,349,11:17,2024-05-16,https://www.tuidang.org/wp-content/uploads/2024/05/20240510caifang.mp4,20240510caifang.mp4,三退保平安,
34,其它（单集）,洪灾过后理性思考 我们的逃生之路在哪里？（下）,346,14:34,2023-11-08,https://www.tuidang.org/wp-content/uploads/2023/11/zxzyj41bnew.mp4,zxzyj41bnew.mp4,洪灾过后理性思考-我们的逃生之路在哪里？（下）,
35,其它（单集）,吴晓燕——我身边同修的父亲就被中共活摘了器官,343,15:22,2024-07-26,https://www.tuidang.org/wp-content/uploads/2024/07/wuxiaoyan.mp4,wuxiaoyan.mp4,吴晓燕-我身边同修的父亲就被中共活摘了器官,
36,其它（单集）,中共最邪恶的是让中国社会变成不是奴隶制的奴隶制 ——专访八九民运领袖 独立时评人 郑旭光（四）,343,15:04,2023-07-07,https://www.tuidang.org/wp-content/uploads/2023/07/20230611zhengxuguang4.mp4,20230611zhengxuguang4.mp4,中共最邪恶的是让中国社会变成不是奴隶制的奴隶,
37,其它（单集）,各界名流庆四亿勇士三退 EndCCP环美车队穿越48州,338,40:11,2022-10-24,https://www.tuidang.org/wp-content/uploads/2022/11/tuidanghongliu13.mp4,tuidanghongliu13.mp4,各界名流庆四亿勇士三退-endccp环美车队穿越48州,
38,其它（单集）,三退民众李昕燕：”九字真言”给我力量和安全,335,37:19,2024-07-13,https://www.tuidang.org/wp-content/uploads/2024/07/lixinyan720p.mp4,lixinyan720p.mp4,三退民众李昕燕：九字真言给我力量和安全,
39,其它（单集）,我想为中国千千万万的中毒工人走出一条路——维权人士李青（一）,334,14:07,2023-09-10,https://www.tuidang.org/wp-content/uploads/2023/09/liqing1.mp4,liqing1.mp4,我想为中国千千万万的中毒工人走出一条路-维,
40,其它（单集）,我的弟弟被中共害死了——维权人士张五洲（一）,333,14:37,2023-07-07,https://www.tuidang.org/wp-content/uploads/2023/07/20230602zhangwuzhou1-1.mp4,20230602zhangwuzhou1-1.mp4,维权人士张五洲采访一-我的弟弟被中共害死了,
41,其它（单集）,叶宁：《九评》为全人类填补了历史性空白,332,5:35,2023-11-20,https://www.tuidang.org/wp-content/uploads/2023/11/20231119yening.mp4,20231119yening.mp4,叶宁：《九评》为全人类填补了历史性空白,
42,其它（单集）,安东——“我看到前总统在电视上推广书籍《九评共产党》”,332,14:49,2024-07-23,https://www.tuidang.org/wp-content/uploads/2024/07/20240720C0986.mp4,20240720C0986.mp4,安东-前乌克兰总统在电视上推广书籍《九评共,
43,其它（单集）,共产党是邪教 它就是让你要去做恶——维权人士倪金芳（二）,331,14:32,2023-10-29,https://www.tuidang.org/wp-content/uploads/2023/10/nijinfang2new.mp4,nijinfang2new.mp4,共产党是邪教-它就是让你要去做恶-维权人士倪,
44,其它（单集）,共产党是邪教 它就是让你要去做恶——维权人士倪金芳（一）,330,14:30,2023-10-18,https://www.tuidang.org/wp-content/uploads/2023/10/nijinfang1-1.mp4,nijinfang1-1.mp4,共产党倒的那天-中国才有未来-维权人士倪金芳,
45,其它（单集）,走线母亲张艳（一）——中共不让我的孩子融入主流社会,323,14:11,2023-06-08,https://www.tuidang.org/wp-content/uploads/2023/06/20230521zhangyan1-1.mp4,20230521zhangyan1-1.mp4,走线母亲张艳采访（一）-中共不让我的孩子融,
46,其它（单集）,党委书记约我面谈 等来的却是钢棍和匕首——维权人士李青（二）,321,14:07,2023-09-23,https://www.tuidang.org/wp-content/uploads/2023/09/liqing2.mp4,liqing2.mp4,党委书记约我面谈-等来的却是钢棍和匕首-维权,
47,其它（单集）,旅美华人：“三退”是非常好的解体中共的方式,320,3:15,2024-05-02,https://www.tuidang.org/wp-content/uploads/2024/05/luoxiansheng.mp4,luoxiansheng.mp4,路人罗先生：三退是非常好的解体中共的方式,
48,其它（单集）,汪志远：中共是祸害人类的魔鬼 是万恶之源,315,11:33,2024-04-26,https://www.tuidang.org/wp-content/uploads/2024/04/wangzhiyuan.mp4,wangzhiyuan.mp4,汪志远：中共是祸害人类的魔鬼-是万恶之源,
49,其它（单集）,翟德云：天灭中共 号角吹来 时代变局,315,25:19,2024-11-13,https://www.tuidang.org/wp-content/uploads/2024/11/zdyythfy.mp4,zdyythfy.mp4,翟德云：天灭中共-号角吹来-时代变局,
50,其它（单集）,最应该感到绝望和沮丧的是中共——专访民主救国阵线主席唐柏桥（中）,309,13:35,2023-06-02,https://www.tuidang.org/wp-content/uploads/2023/05/20230520tangbaiqiao2.mp4,20230520tangbaiqiao2.mp4,寻求真相是非常重要的一件事-专访民运人士唐,
51,其它（单集）,现今中国人的许多国民性是被中共有意塑造出来的——专访八九民运领袖 独立时评人 郑旭光（一）,300,13:12,2023-06-27,https://www.tuidang.org/wp-content/uploads/2023/06/20230611zhengxuguang1.mp4,20230611zhengxuguang1.mp4,现今中国人的许多国民性是被中共有意塑造出来的,
52,其它（单集）,七一退党日 纽约州议员祝贺4.15亿人退出中共,299,4:04,2023-06-26,https://www.tuidang.org/wp-content/uploads/2023/06/0701baojiang.mp4,0701baojiang.mp4,七一退党日-纽约州议员祝贺4-15亿人退出中共,
53,其它（单集）,走线母亲张艳（二）——我丈夫告诉我他会突然死亡,297,13:03,2023-06-10,https://www.tuidang.org/wp-content/uploads/2023/06/20230521zhangyan2.mp4,20230521zhangyan2.mp4,走线母亲张艳（二）-我丈夫告诉我他会突然死,
54,其它（单集）,红墙将塌 全民唾弃中共的时代已到来,297,4:02,2023-11-20,https://www.tuidang.org/wp-content/uploads/2023/11/20231119yirong.mp4,20231119yirong.mp4,红墙即将倒塌-退出中共保平安,
55,其它（单集）,寻求真相是非常重要的一件事——专访民主救国阵线主席唐柏桥（上）,293,12:53,2023-05-31,https://www.tuidang.org/wp-content/uploads/2023/05/20230520tangbaiqiao1.mp4,20230520tangbaiqiao1.mp4,最重要的一件事是寻求真相-专访民主人士唐柏,
56,其它（单集）,组图：纽约法轮功学员举行盛大游行 声援4.15亿民众退出中共党团队,280,7:33,2023-07-16,https://www.tuidang.org/wp-content/uploads/2023/09/20230715youxing.mp4,20230715youxing.mp4,693054,
57,其它（单集）,我觉得还是很值得 毕竟个人的抗争也是为大众抗争——维权斗士陈祥卫的抗争之路（三）,277,42:00,2024-10-15,https://www.tuidang.org/wp-content/uploads/2024/10/chenxiangwei2.1.mp4,chenxiangwei2.1.mp4,我觉得还是很值得-毕竟个人的抗争也是为大众抗争,
58,其它（单集）,李沐阳：法轮功学员425上访赢得了整个世界的尊重,273,9:08,2023-04-23,https://www.tuidang.org/wp-content/uploads/2023/04/20230423limuyang.mp4,20230423limuyang.mp4,李沐阳：法轮功学员425上访赢得了整个世界的尊重,
59,其它（单集）,张雄现场三退：生而为人就是有信仰自由的,272,9:15,2024-04-30,https://www.tuidang.org/wp-content/uploads/2024/04/zhangxiongnew.mp4,zhangxiongnew.mp4,张雄：生而为人就是有信仰自由的-我觉得中共是要,
60,其它（单集）,整个社会被共产党掌握着 老百姓完全被胁迫——维权斗士陈祥卫的抗争之路（四）,271,41:57,2024-10-15,https://www.tuidang.org/wp-content/uploads/2024/10/chenxiangwei2.2.mp4,chenxiangwei2.2.mp4,整个社会被共产党掌握着-老百姓完全被胁迫-维,
61,其它（单集）,觉醒和救赎 ——专访上海企业家胡力任（三）,267,32:10,2024-07-02,https://www.tuidang.org/wp-content/uploads/2024/12/huliren03new.mp4,huliren03new.mp4,觉醒和救赎-专访实业家胡力任（三）,
62,其它（单集）,台湾吴先生 中共政权作恶多端肯定有天收,262,3:40,2023-05-15,https://www.tuidang.org/wp-content/uploads/2023/05/20230507wu.mp4,20230507wu.mp4,台湾吴先生-中共政权作恶多端肯定有天收,
63,其它（单集）,只有中共垮台才会让中国人的灵魂得到解放——专访八九民运领袖 独立时评人 郑旭光（二）,260,11:26,2023-06-28,https://www.tuidang.org/wp-content/uploads/2023/06/zhengxuguang2.mp4,zhengxuguang2.mp4,只有中共垮台才会让中国人的灵魂得到解放-专,
64,其它（单集）,等我回来你们怎么抓都行 反正我无所谓——维权斗士陈祥卫的抗争之路（二）,259,34:42,2024-10-11,https://www.tuidang.org/wp-content/uploads/2024/10/chenxiangwei1.2.mp4,chenxiangwei1.2.mp4,等我回来你们怎么抓都行-反正我无所谓-维权斗,
65,其它（单集）,王露蕊：4.25精神和平理性的丰碑,253,8:26,2023-04-23,https://www.tuidang.org/wp-content/uploads/2023/04/20230423wanglurui.mp4,20230423wanglurui.mp4,王露蕊：4-25精神和平理性的丰碑,
66,其它（单集）,纽约纪念4‧25集会 社区领袖：法拉盛不会容忍迫害,252,3:30,2023-05-09,https://www.tuidang.org/wp-content/uploads/2023/05/20230423Martha-yanjiang.mp4,20230423Martha-yanjiang.mp4,纽约纪念4‧25集会-社区领袖：法拉盛不会容忍迫害,
67,其它（单集）,九评之六：评中国共产党破坏民族文化,252,,2020-08-05,https://www.tuidang.org/wp-content/uploads/9ping/jpgcd_6.mp4,jpgcd_6.mp4,《九评共产党》之六：评中国共产党破坏民族文化,
68,其它（单集）,高级外交政策顾问 皮耶罗·托齐 谴责中共所有针对法轮功的虐待行为,252,11:04,2023-07-29,https://www.tuidang.org/wp-content/uploads/2023/07/Piero-Tozzi.mp4,Piero-Tozzi.mp4,高级外交政策顾问-皮耶罗·托齐-谴责中共所有针对,
69,其它（单集）,走线母亲张艳（四）——我真的没有办法 我要带着仔逃离这个地方,251,11:03,2023-06-19,https://www.tuidang.org/wp-content/uploads/2023/06/20230521zhangyan4-2.mp4,20230521zhangyan4-2.mp4,走线母亲张艳（四）-我真的没有办法-我要带着,
70,其它（单集）,陈敬宇：立即释放我姐姐 退出中共 终止罪恶,250,5:34,2024-04-30,https://www.tuidang.org/wp-content/uploads/2024/04/chenjingyu.mp4,chenjingyu.mp4,陈敬宇：结束在中国大陆对法轮功修炼者长达25年的,
71,其它（单集）,7.20DC反迫害24周年集会 活摘器官再次曝光 各国民众声援结束中共,250,10:26,2023-08-23,https://www.tuidang.org/wp-content/uploads/2023/08/20230720mzcf.mp4,20230720mzcf.mp4,7-20dc反迫害24周年集会-活摘器官再次曝光-各国民众声援,
72,其它（单集）,走线母亲张艳（三）——追悼会只开了一半就被逼迫拉走火化,250,11:01,2023-06-14,https://www.tuidang.org/wp-content/uploads/2023/06/20230521zhangyan3-1.mp4,20230521zhangyan3-1.mp4,走线母亲张艳（三）-追悼会只开了一半就被逼,
73,其它（单集）,庆祝世界法轮大法日 纽约盛大游行 声援4.3亿人三退,244,4:06,2024-05-11,https://www.tuidang.org/wp-content/uploads/2024/05/20240510.mp4,20240510.mp4,庆祝世界法轮大法日-纽约盛大游行-声援4-3亿人三退,
74,其它（单集）,历经千辛万苦，逃离红色恐怖：一对母女的心路历程,244,14:18,2024-08-01,https://www.tuidang.org/wp-content/uploads/2024/08/munvnew2.mp4,munvnew2.mp4,历经千辛万苦，逃离红色恐怖：一对母女的心路历,
75,其它（单集）,赵慧子：见证四二五法轮功学员万人上访24周年,243,8:07,2023-04-23,https://www.tuidang.org/wp-content/uploads/2023/04/20230423zhaohuizi.mp4,20230423zhaohuizi.mp4,赵惠子：见证四二五法轮功学员万人上访24周年,
76,其它（单集）,“共产党不亡 天理难容”——维权人士张五洲（四）,243,10:19,2023-08-31,https://www.tuidang.org/wp-content/uploads/2023/08/20230602zhangwuzhou4new.mp4,20230602zhangwuzhou4new.mp4,共产党不亡-天理难容-维权人士张五洲（四,
77,其它（单集）,追求自由的勇士：陈伟杰的走线历程与觉醒之路（下）,238,29:16,2024-10-07,https://www.tuidang.org/wp-content/uploads/2024/12/chenweijie02new.mp4,chenweijie02new.mp4,追求自由的勇士：陈伟杰的走线历程与觉醒之路（,
78,其它（单集）,宋颜杰：自己还有一颗正直的心 今天就三退,236,10:23,2023-05-23,https://www.tuidang.org/wp-content/uploads/2023/05/20230512songyanjie.mp4,20230512songyanjie.mp4,宋颜杰：自己还有一颗正直的心-今天就三退,
79,其它（单集）,视频：曼哈顿大游行 声援4.1亿勇士退出中共,231,16:57,2023-05-15,https://www.tuidang.org/wp-content/uploads/2023/05/20230512dsfzyouxing720p.mp4,20230512dsfzyouxing720p.mp4,视频：曼哈顿大游行-声援4-1亿勇士退出中共,
80,其它（单集）,李军：“425”精神的本质是“利他”的,220,7:17,2023-04-23,https://www.tuidang.org/wp-content/uploads/2023/04/20230423lijun.mp4,20230423lijun.mp4,李军：425精神的本质是利他的,
81,其它（单集）,民主救国阵线主席 三退引领世界潮流 带给人类希望——《希望的路》第八十集,217,14:30,2024-12-14,https://www.tuidang.org/wp-content/uploads/2024/12/xwdl060.mp4,xwdl060.mp4,民主救国阵线主席-三退引领世界潮流-带给人类希望,
82,其它（单集）,追求自由的勇士：陈伟杰的走线历程与觉醒之路 (上),215,26:57,2024-10-07,https://www.tuidang.org/wp-content/uploads/2024/12/chenweijie01new.mp4,chenweijie01new.mp4,追求自由的勇士：陈伟杰的走线历程与觉醒之路上,
83,其它（单集）,王军涛：《九评》帮助人以善心来实现没有共产党后的转型,212,6:33,2024-11-13,https://www.tuidang.org/wp-content/uploads/2024/11/wjtythfy-1.mp4,wjtythfy-1.mp4,王军涛：《九评》帮助人以善心来实现没有共产党,
84,其它（单集）,善缘 从遇见法轮功开始 ——专访上海企业家胡力任（二）,207,26:48,2024-06-21,https://www.tuidang.org/wp-content/uploads/2024/12/huliren02new.mp4,huliren02new.mp4,善缘-从遇见法轮功开始-专访上海实业家胡力任,
85,其它（单集）,三退民众张雄：走线历程九死一生，只为追求自由与真相（下）,207,16:23,2024-08-05,https://www.tuidang.org/wp-content/uploads/2024/08/zhangxiong2-1.mp4,zhangxiong2-1.mp4,三退民众张雄：走线历程九死一生，只为追求自由-2,
86,其它（单集）,中共暴政下黑暗的一幕发生在我们家——维权斗士陈祥卫的抗争之路（一）,206,30:56,2024-10-10,https://www.tuidang.org/wp-content/uploads/2024/10/chenxiangwei1.1.mp4,chenxiangwei1.1.mp4,中共暴政下黑暗的一幕发生在我们家-维权斗士,
87,其它（单集）,是什么原因让中国出现大规模的轻生潮？中国人的希望在哪里？ ——《希望的路》第七十一集,205,14:02,2024-10-15,https://www.tuidang.org/wp-content/uploads/2024/10/xwdlo51new.mp4,xwdlo51new.mp4,是什么原因让中国出现大规模的轻生潮？中国人的,
88,其它（单集）,易蓉：退出中共组织 选择光明未来,203,6:45,2023-04-23,https://www.tuidang.org/wp-content/uploads/2023/04/20230423yirong.mp4,20230423yirong.mp4,易蓉：退出中共组织-选择光明未来,
89,其它（单集）,三退民众张雄：走线历程九死一生，只为追求自由与真相（上）,201,18:08,2024-08-05,https://www.tuidang.org/wp-content/uploads/2024/08/zhangxiong1.mp4,zhangxiong1.mp4,三退民众张雄：走线历程九死一生，只为追求自由,
90,其它（单集）,觉醒 从十岁开始 ——专访上海企业家胡力任（一）,201,28:20,2024-06-16,https://www.tuidang.org/wp-content/uploads/2024/12/huliren01new.mp4,huliren01new.mp4,觉醒-从十岁开始-专访企业家胡力任（一）,
91,其它（单集）,翟德云：共产党为何一定要充满谎言和暴力 看《九评》就明白,200,6:43,2023-04-23,https://www.tuidang.org/wp-content/uploads/2023/04/20230423zhaideyun.mp4,20230423zhaideyun.mp4,共产党为何一定要充满谎言和暴力-看《九评》就,
92,其它（单集）,追查国际主席汪志远：中共就要完了,200,6:42,2023-04-23,https://www.tuidang.org/wp-content/uploads/2023/04/20230423wangzhiyuan.mp4,20230423wangzhiyuan.mp4,追查国际主席汪志远：中共就要完了,
93,其它（单集）,“七・一”全球退党日 纽约真相车游,197,2:41,2023-07-03,https://www.tuidang.org/wp-content/uploads/2023/07/20230701news.mp4,20230701news.mp4,「七·一」全球退黨日-紐約真相車遊,
94,其它（单集）,EndCCP 真相车队纽约法拉盛、曼哈顿唐人街游行,197,4:57,2023-06-10,https://www.tuidang.org/wp-content/uploads/2023/06/20230603EndCCPcheyou.mp4,20230603EndCCPcheyou.mp4,endccp-真相车队纽约法拉盛、曼哈顿唐人街游行,
95,其它（单集）,纽约法轮功反迫害游行 侨民：他们是真爱国者,192,4:20,2023-07-16,https://www.tuidang.org/wp-content/uploads/2023/09/20200715dsfzyouxing.mp4,20200715dsfzyouxing.mp4,纽约法轮功反迫害游行-侨民：他们是真爱国者,
96,其它（单集）,相信这无法相信的事,190,4:06,2026-02-07,https://www.tuidang.org/wp-content/uploads/2026/07/xxzwfxxds.mp4,xxzwfxxds.mp4,相信这无法相信的事,
97,其它（单集）,纽约立法者褒奖退党中心 贺4.15亿人三退,189,4:17,2023-07-01,https://www.tuidang.org/wp-content/uploads/2023/09/20230820changdao2.mp4,20230820changdao2.mp4,纽约立法者褒奖退党中心-贺4-15亿人三退,
98,其它（单集）,王珊珊：恳请国际社会营救我母亲刘爱华,184,5:29,2023-04-23,https://www.tuidang.org/wp-content/uploads/2023/04/20230423wangshanshan.mp4,20230423wangshanshan.mp4,王珊珊：恳请国际社会营救我母亲刘爱华,
99,其它（单集）,伊莱恩·威特：国际社会和美国可以通过立法和制裁来帮助停止中共对法轮功的迫害,182,7:13,2024-08-06,https://www.tuidang.org/wp-content/uploads/2024/08/C0955.mp4,C0955.mp4,伊莱恩·威特：国际社会和美国可以通过立法和制,
100,其它（单集）,蓝托斯人权和正义基金会主席 卡特里娜‧蓝托斯‧斯维特 你们为所有中国人的信仰自由而战,180,7:57,2023-08-03,https://www.tuidang.org/wp-content/uploads/2023/08/Katrina-Lantos-Swett.mp4,Katrina-Lantos-Swett.mp4,蓝托斯人权和正义基金会主席-卡特里娜‧蓝托斯‧,
101,其它（单集）,纽约纪念4‧25集会 法轮功俱乐部主席：法轮大法好! 迫害必须停止！,176,7:45,2023-05-10,https://www.tuidang.org/wp-content/uploads/2023/05/20230423ouyangliyanjiang.mp4,20230423ouyangliyanjiang.mp4,纽约纪念4‧25集会-法轮功俱乐部主席：法轮大法好,
102,其它（单集）,九评之一：评共产党是什么,176,,2020-08-04,https://www.tuidang.org/wp-content/uploads/9ping/jpgcd_1.mp4,jpgcd_1.mp4,九评之一：评共产党是什么,
103,其它（单集）,陈伟杰：中共最害怕什么，我就做什么,175,6:25,2024-05-01,https://www.tuidang.org/wp-content/uploads/2024/05/chenweijie.mp4,chenweijie.mp4,陈伟杰：法轮功是我的良师益友,
104,其它（单集）,胡力任：每一个中国人都应该去了解《九评共产党》,172,15:16,2024-11-15,https://www.tuidang.org/wp-content/uploads/2024/11/hlrythfy.mp4,hlrythfy.mp4,胡力任：每一个中国人都应该去了解《九评共产党,
105,其它（单集）,纽约纳苏县褒奖退党中心 定6·28为退党日,171,2:19,2023-06-28,https://www.tuidang.org/wp-content/uploads/2023/07/20270716baojiang.mp4,20270716baojiang.mp4,纽约纳苏县褒奖退党中心-定6·28为退党日,
106,其它（单集）,林晓旭：中共是一个恶魔，我们面临的是一场属灵的战争,167,14:38,2024-11-11,https://www.tuidang.org/wp-content/uploads/2024/11/lxxythfy.mp4,lxxythfy.mp4,林晓旭：中共是一个恶魔，我们面临的是一场属灵,
107,其它（单集）,陈闯创：是时候了，与中共切割,165,13:08,2024-11-15,https://www.tuidang.org/wp-content/uploads/2024/11/cccythfy.mp4,cccythfy.mp4,陈闯创：是时候了，与中共切割,
108,其它（单集）,中国人精神状态如此堪忧 民众三退保平安——《希望的路》第七十八集,164,14:22,2024-12-05,https://www.tuidang.org/wp-content/uploads/2024/12/xwdl058new.mp4,xwdl058new.mp4,中国人精神状态如此堪忧-民众三退保平安-《希,
109,其它（单集）,九评之七：评中国共产党的杀人历史,164,,2020-08-05,https://www.tuidang.org/wp-content/uploads/9ping/jpgcd_7.mp4,jpgcd_7.mp4,《九评共产党》之七：评中国共产党的杀人历史,
110,其它（单集）,纪念四‧二五纽约法拉盛集会现场颁发三退证书,157,5:10,2023-05-03,https://www.tuidang.org/wp-content/uploads/2023/05/banfatuidangzhengshu.mp4,banfatuidangzhengshu.mp4,纪念四‧二五纽约法拉盛集会现场颁发三退证书,
111,其它（单集）,美国“捍卫自由国际联盟”法律顾问 肖恩·纳尔逊 法轮功是所有被中共迫害者的声音,153,6:46,2023-08-01,https://www.tuidang.org/wp-content/uploads/2023/08/Sean-Nelson.mp4,Sean-Nelson.mp4,美国捍卫自由国际联盟法律顾问-肖恩·纳尔逊,
112,其它（单集）,唐柏桥：这个世界一切的乱源来自于中共,150,6:19,2024-11-05,https://www.tuidang.org/wp-content/uploads/2024/11/tangbaiqiaofy.mp4,tangbaiqiaofy.mp4,唐柏桥：这个世界一切的乱源来自于中共,
113,其它（单集）,杨峰：在纪念《九评》发表二十周年集会上的发言,149,6:15,2024-11-04,https://www.tuidang.org/wp-content/uploads/2024/11/yangfengfy.mp4,yangfengfy.mp4,杨峰：在纪念《九评》发表二十周年集会上的发言,
114,其它（单集）,郭君：纪念已经持续了二十年的历史时刻,149,10:46,2024-11-11,https://www.tuidang.org/wp-content/uploads/2024/11/gjythfy.mp4,gjythfy.mp4,郭君：纪念已经持续了二十年的历史时刻,
115,其它（单集）,新移民：我敬佩法轮功 不再相信中共的任何话语,146,4:39,2023-04-25,https://www.tuidang.org/wp-content/uploads/2023/04/20230423chenquanhong.mp4,20230423chenquanhong.mp4,新移民：我敬佩法轮功-不再相信中共的任何话语,
116,其它（单集）,赵慧子：君子不立于危墙之下 远离中共,143,4:16,2023-04-30,https://www.tuidang.org/wp-content/uploads/2023/04/20230423集會-趙慧子採訪.mp4,20230423集會-趙慧子採訪.mp4,赵慧子：君子不立于危墙之下-远离中共,
117,其它（单集）,郭雷：正义之士必须退出邪恶的中共组织,142,4:45,2023-04-30,https://www.tuidang.org/wp-content/uploads/2023/04/20230423集會-郭雷採訪.mp4,20230423集會-郭雷採訪.mp4,郭雷：正义之士必须退出邪恶的中共组织,
118,其它（单集）,2024年全球退党服务中心新年贺词,140,1:26,2024-02-09,https://www.tuidang.org/wp-content/uploads/2024/02/2024newheci.mp4,2024newheci.mp4,贺神州-迎新元,
119,其它（单集）,法轮功华府游行传递真相 被中共迫害民众声明三退——《希望的路》第七十二集,138,14:03,2024-10-22,https://www.tuidang.org/wp-content/uploads/2024/10/xwdl052new-1.mp4,xwdl052new-1.mp4,法轮功华府游行传递真相-被中共迫害民众声明三退,
120,其它（单集）,民运人士荷西觉醒——呼吁国人退出中共 敬畏神灵,138,6:06,2023-06-08,https://www.tuidang.org/wp-content/uploads/2023/06/20230604hexi.mp4,20230604hexi.mp4,六四民运人士荷西觉醒-退出中共邪恶体系-敬畏神灵,
121,其它（单集）,​​​​​​《九评》发表推动社会巨变 华人选择三退——《希望的路》第七十七集,136,14:26,2024-11-26,https://www.tuidang.org/wp-content/uploads/2024/11/xwdl057new.mp4,xwdl057new.mp4,《九评》发表推动社会巨变-华人选择,
122,其它（单集）,李宗民：中共是非法组织 十多年前就已三退,135,5:57,2023-05-23,https://www.tuidang.org/wp-content/uploads/2023/05/20230513lizongmin.mp4,20230513lizongmin.mp4,李宗民：中共是非法组织，十多年前就已三退,
123,其它（单集）,宫凯：共产党不铲除 中国没有未来,134,6:00,2024-11-11,https://www.tuidang.org/wp-content/uploads/2024/11/gongkaicf.mp4,gongkaicf.mp4,宫凯：共产党不铲除-中国没有未来,
124,其它（单集）,前大陆媒体人《九评》改变了我的人生轨迹——《希望的路》第七十九集,134,14:21,2024-12-08,https://www.tuidang.org/wp-content/uploads/2024/12/xwdl059web.mp4,xwdl059web.mp4,前大陆媒体人《九评》改变了我的人生轨迹-《,
125,其它（单集）,迈克：终结中共将使世界变得更好,134,5:37,2024-11-04,https://www.tuidang.org/wp-content/uploads/2024/11/MIKEfy.mp4,MIKEfy.mp4,迈克：终结中共将使世界变得更好,
126,其它（单集）,章天亮：信仰的力量 和平的抗争,133,14:05,2024-11-11,https://www.tuidang.org/wp-content/uploads/2024/11/ztlythfy.mp4,ztlythfy.mp4,章天亮：信仰的力量-和平的抗争,
127,其它（单集）,王学科：中共是毒药 邪恶本质永远不会改变,133,5:35,2024-11-04,https://www.tuidang.org/wp-content/uploads/2024/11/wangxuekefy.mp4,wangxuekefy.mp4,王学科：中共是毒药-邪恶本质永远不会改变,
128,其它（单集）,追查迫害法轮功国际组织主席汪志远：铁证如山 中共是祸害人类的恶魔,130,5:46,2023-07-30,https://www.tuidang.org/wp-content/uploads/2023/07/wangzhiyuan.mp4,wangzhiyuan.mp4,「追查迫害法轮功国际组织」主席汪志远：铁证如,
129,其它（单集）,易中原：《九评共产党》引领全球华人精神觉醒退党浪潮,128,5:22,2024-11-04,https://www.tuidang.org/wp-content/uploads/2024/11/yizhongyuanfy.mp4,yizhongyuanfy.mp4,易中原：《九评共产党》引领全球华人精神觉醒退,
130,其它（单集）,李军：我很幸运 20年前就彻底认清中共,126,5:18,2024-11-04,https://www.tuidang.org/wp-content/uploads/2024/11/lijunfy.mp4,lijunfy.mp4,李军：我很幸运-20年前就彻底认清中共,
131,其它（单集）,民众在觉醒 暴政将结束——《希望的路》第七十四集,126,14:52,2024-11-07,https://www.tuidang.org/wp-content/uploads/2024/11/xwdl054new.mp4,xwdl054new.mp4,民众在觉醒-暴政将结束-《希望的路》第七十四,
132,其它（单集）,陈闯创：为《九评》点赞，为那些传播真相的人点赞,125,5:15,2024-11-05,https://www.tuidang.org/wp-content/uploads/2024/11/chenchuangchuangfy.mp4,chenchuangchuangfy.mp4,陈闯创：为《九评》点赞，为那些传播真相的人点,
133,其它（单集）,2023年法拉盛华人新年遊行 退党服务中心传递重要信息：三退保平安,117,9:43,2023-03-07,https://www.tuidang.org/wp-content/uploads/2023/03/20230122-720p.mp4,20230122-720p.mp4,2023年法拉盛华人新年遊行-退党服务中心传递重要信,
134,其它（单集）,托马斯：中共的“主义”只是用来控制民众的手段,116,4:53,2024-11-04,https://www.tuidang.org/wp-content/uploads/2024/11/TOMfy.mp4,TOMfy.mp4,托马斯：中共的主义只是用来控制民众的手段,
135,其它（单集）,美国国际宗教自由委员会主席 亚伯拉罕·库珀 利用所有手段反暴行 追究中共罪责,112,4:57,2023-08-11,https://www.tuidang.org/wp-content/uploads/2023/08/Abraham-Cooper.mp4,Abraham-Cooper.mp4,美国国际宗教自由委员会主席-亚伯拉罕·库珀-利用,
136,其它（单集）,胡平：希望大家看看法轮功关于中共活摘器官的报告和电影,111,10:02,2024-11-14,https://www.tuidang.org/wp-content/uploads/2024/11/hpythfy.mp4,hpythfy.mp4,胡平：希望大家看看法轮功关于中共活摘器官的报,
137,其它（单集）,“家庭研究委员会”宗教自由中心副主任 阿里尔·德尔·图尔科 中共是对人权最大威胁,111,4:54,2023-08-05,https://www.tuidang.org/wp-content/uploads/2023/08/Arielle-Del-Turco.mp4,Arielle-Del-Turco.mp4,家庭研究委员会宗教自由中心副主任-阿里尔·德尔,
138,其它（单集）,李军：中国民众，你三退了吗？,110,3:43,2023-04-30,https://www.tuidang.org/wp-content/uploads/2023/04/20230423集會-李軍採訪.mp4,20230423集會-李軍採訪.mp4,李军：中国民众，你三退了吗？,
139,其它（单集）,法轮功学员王珊珊 我的家庭因修炼法轮功被中共迫害的经历,108,9:00,2023-08-11,https://www.tuidang.org/wp-content/uploads/2023/08/LydiaWang.mp4,LydiaWang.mp4,法轮功学员王珊珊-我的家庭因修炼法轮功被中共迫,
140,其它（单集）,易中原：向传播《九评共产党》劝三退的英雄致敬,108,7:25,2024-11-11,https://www.tuidang.org/wp-content/uploads/2024/11/yzyythfy.mp4,yzyythfy.mp4,易中原：向传播《九评共产党》劝三退的英雄致敬,
141,其它（单集）,共和党资深融资顾问 Cecelia Crowley 颂扬法轮功精神,101,4:15,2024-04-27,https://www.tuidang.org/wp-content/uploads/2024/04/Cecelia-Crowley-.mp4,Cecelia-Crowley-.mp4,纽约共和党资深顾问cecelia-crowley在纪念法轮功学员「四二,
142,其它（单集）,哈德逊研究所宗教自由中心主任 尼娜·谢伊 中共对法轮功学员活摘器官是种族灭绝,98,4:21,2023-08-01,https://www.tuidang.org/wp-content/uploads/2023/08/Nina-Shea.mp4,Nina-Shea.mp4,哈德逊研究所宗教自由中心主任-尼娜·谢伊-中共对,
143,其它（单集）,全球基督教会卡特蒂莫斯宣导主任 费思·麦克唐纳 邪恶无法战胜光明,96,4:14,2023-08-08,https://www.tuidang.org/wp-content/uploads/2023/08/Faith-McDonnell.mp4,Faith-McDonnell.mp4,全球基督教会卡特蒂莫斯宣导主任-费思·麦克唐纳,
144,其它（单集）,纪录片《国有器官》再揭中共活摘器官黑幕——《希望的路》第七十三集,96,14:17,2024-10-28,https://www.tuidang.org/wp-content/uploads/2024/10/xwdl053new.mp4,xwdl053new.mp4,纪录片《国有器官》再揭中共活摘器官黑幕-《,
145,其它（单集）,美参议员提案 禁中共党员获赴美旅游签证,94,4:19,2022-11-19,https://www.tuidang.org/wp-content/uploads/2022/12/jinzhizhonggongdangyuanrumeiqianzheng.mp4,jinzhizhonggongdangyuanrumeiqianzheng.mp4,美参议员提案-禁中共党员获赴美旅游签证,
146,其它（单集）,中共不是一个政党 是一个恐怖的邪教组织,93,6:48,2022-01-04,https://www.tuidang.org/wp-content/uploads/2022/11/tuidanghongliu11.mp4,tuidanghongliu11.mp4,中共不是一个政党-是一个恐怖的邪教组织,
147,其它（单集）,看清中共邪恶本质 政法人员声明退党——《希望的路》第七十五集,92,14:13,2024-11-12,https://www.tuidang.org/wp-content/uploads/2024/12/xwdl055new.mp4,xwdl055new.mp4,看清中共邪恶本质-政法人员声明退党-《希望的,
148,其它（单集）,Martha：解体中共，结束迫害,91,3:50,2024-11-05,https://www.tuidang.org/wp-content/uploads/2024/11/Marthafy.mp4,Marthafy.mp4,martha：解体中共，结束迫害,
149,其它（单集）,王珊珊：没有共产党 才有更好的新中国,87,2:56,2023-04-30,https://www.tuidang.org/wp-content/uploads/2023/04/20230423集會-王姍姍採訪.mp4,20230423集會-王姍姍採訪.mp4,王珊珊：没有共产党-才有更好的新中国,
150,其它（单集）,周锋锁：加入过中共相关组织的人有义务从中脱离,85,2:52,2023-04-30,https://www.tuidang.org/wp-content/uploads/2023/04/20230423集會-周峰鎖採訪.mp4,20230423集會-周峰鎖採訪.mp4,周峰锁：加入过中共相关组织的人有义务与之决裂,
151,其它（单集）,“自由之家”高级顾问 沙拉·库克 美国不要屈服中共 追究迫害官员罪责,85,6:20,2023-08-06,https://www.tuidang.org/wp-content/uploads/2023/08/Sarah-Cook.mp4,Sarah-Cook.mp4,自由之家高级顾问-沙拉·库克-美国不要屈服中,
152,其它（单集）,“党文化”导致人心败坏 民众三退表心声——《希望的路》第七十六集,82,14:30,2024-11-19,https://www.tuidang.org/wp-content/uploads/2024/11/xwdl056new.mp4,xwdl056new.mp4,党文化导致人心败坏-民众三退表心声-《希,
153,其它（单集）,“基督教自由国际”总裁温迪·赖特 法轮功学员对中共邪恶暴政的曝光正在引发一种巨变,81,3:35,2023-08-06,https://www.tuidang.org/wp-content/uploads/2023/08/Wendy-Wright-1.mp4,Wendy-Wright-1.mp4,基督教自由国际总裁温迪·赖特-法轮功学员对,
154,其它（单集）,纽约民众放鞭炮庆祝恶贯满盈的江泽民死亡,79,3:55,2022-12-03,https://www.tuidang.org/wp-content/uploads/2022/12/IMG_9175.mp4,IMG_9175.mp4,纽约民众放鞭炮庆祝恶贯满盈的江泽民死亡,
155,其它（单集）,张而平：法轮功学员大善大忍慈悲救人,77,5:00,2024-04-25,https://www.tuidang.org/wp-content/uploads/2024/12/zhangerpingnew.mp4,zhangerpingnew.mp4,张而平：法轮功学员大善大忍慈悲救人,
156,其它（单集）,张菁：摆脱中共的枷锁，有尊严的活着并且活得明明白白、活出自己！,76,3:12,2024-11-05,https://www.tuidang.org/wp-content/uploads/2024/11/zhangjingfy.mp4,zhangjingfy.mp4,张菁：摆脱中共的枷锁，有尊严的活着并且活得明,
157,其它（单集）,梁丰收：逃离中共 必须三退,70,3:09,2023-05-23,https://www.tuidang.org/wp-content/uploads/2023/05/20230512ilangfengshou.mp4,20230512ilangfengshou.mp4,梁丰收：逃离中共-必须三退,
158,其它（单集）,法拉盛民主党社区领袖玛莎：感谢法轮功的勇气和坚持,69,2:53,2024-04-27,https://www.tuidang.org/wp-content/uploads/2024/04/Martha.mp4,Martha.mp4,法拉盛民主党社区领袖：感谢法轮功的勇气和坚持,
159,其它（单集）,退出党团队 不要支持这个暴政 这才是最好的结局——维权斗士陈祥卫的抗争之路（五）,60,14:09,2024-10-16,https://www.tuidang.org/wp-content/uploads/2024/10/chenxiangwei2.3.mp4,chenxiangwei2.3.mp4,退出党团队-不要支持这个暴政-这才是最好的结局,
160,其它（单集）,走线华人感激三退义工 呼吁认清中共勿陪葬,47,2:02,2024-01-15,https://www.tuidang.org/wp-content/uploads/2024/01/20240111_146141-video_720P.mp4,20240111_146141-video_720P.mp4,走线华人感激三退义工-呼吁认清中共勿陪葬,
161,其它（单集）,看《九评》 明真相 原大陆外贸职员声明三退,44,1:46,2023-12-15,https://www.tuidang.org/wp-content/uploads/2023/12/20231124_142337-video_720P.mp4,20231124_142337-video_720P.mp4,看《九评》-明真相-原大陆外贸职员声明三退,
162,其它（单集）,纪录片《四亿人的觉醒》西澳首映,16,1:32,2023-10-12,https://www.tuidang.org/wp-content/uploads/2023/10/20231010_139085-video_720P.mp4,20231010_139085-video_720P.mp4,纪录片《四亿人的觉醒》西澳首映,
163,希望的路,《希望的路》第五十六集 共产党败象尽显 103人联名三退,361,14:20,2024-07-02,https://www.tuidang.org/wp-content/uploads/2024/07/xwdl036new2.mp4,xwdl036new2.mp4,《希望的路》第五十六集-共产党败象尽显-103人联名,
164,希望的路,《希望的路》第二十三集 中共即将灭亡 三退可保平安,333,14:01,2023-11-12,https://www.tuidang.org/wp-content/uploads/2023/11/xwdl003-1.mp4,xwdl003-1.mp4,《希望的路》-第二十三集,
165,希望的路,《希望的路》第五十一集 法轮大法救人免于劫难 中国人为什么三退？（上）,325,13:37,2024-05-27,https://www.tuidang.org/wp-content/uploads/2024/05/xwdl031.mp4,xwdl031.mp4,《希望的路》第五十一集-法轮大法救人免于劫难-中,
166,希望的路,《希望的路》第二十九集 李克强猝死 引发民众三退,323,13:35,2023-12-27,https://www.tuidang.org/wp-content/uploads/2023/12/xwdl009.mp4,xwdl009.mp4,《希望的路》第二十九集,
167,希望的路,《希望的路》第二十八集 马列主义与中国传统文化格格不入 中共已日暮途穷,315,13:15,2023-12-16,https://www.tuidang.org/wp-content/uploads/2023/12/xwdl008.mp4,xwdl008.mp4,《希望的路》第二十八集,
168,希望的路,《希望的路》第十集 厌恶中共 一企业家帮两千员工三退,299,13:07,2023-07-29,https://www.tuidang.org/wp-content/uploads/2023/07/xwdl10.mp4,xwdl10.mp4,《希望的路》-第十集-厌恶中共-一企业家帮两千员,
169,希望的路,《希望的路》第七集 海归破迷障 欣然退邪党,279,26:15,2022-12-21,https://www.tuidang.org/wp-content/uploads/2022/12/xiwangdelu7.mp4,xiwangdelu7.mp4,《希望的路》第七期-海归破迷障-欣然退邪党,
170,希望的路,《希望的路》第二集 惠风和畅 润物无声,275,23:37,2022-09-07,https://www.tuidang.org/wp-content/uploads/2022/11/xiwangdelu2-720P.mp4,xiwangdelu2-720P.mp4,《希望的路》第二集：惠风和畅-润物无声,
171,希望的路,《希望的路》第九集 中共祸国殃民 必然走向灭亡,248,10:52,2023-07-22,https://www.tuidang.org/wp-content/uploads/2023/07/xwdl9-1.mp4,xwdl9-1.mp4,【希望的路】第九集,
172,希望的路,《希望的路》第五集 忍辱传真相 慈悲化顽石,223,26:27,2022-11-14,https://www.tuidang.org/wp-content/uploads/2024/12/xiwangdelu5-1.mp4,xiwangdelu5-1.mp4,《希望的路》第五集-忍辱传真相-慈悲化顽石,
173,希望的路,《希望的路》第六集 真相解迷思 科长退党了,218,20:38,2022-11-21,https://www.tuidang.org/wp-content/uploads/2022/11/xiwangdelu6.mp4,xiwangdelu6.mp4,《希望的路》第六集-真相解迷思-科长退党了,
174,希望的路,《希望的路》 第六十四集 “历史的垃圾时间“让国人清醒,180,14:29,2024-08-28,https://www.tuidang.org/wp-content/uploads/2024/08/xwdl044new.mp4,xwdl044new.mp4,《希望的路》-第六十四集-历史的垃圾时间让,
175,希望的路,《希望的路》第八集 过去受骗入魔窟 如今三退保平安,154,12:12,2023-07-13,https://www.tuidang.org/wp-content/uploads/2023/07/xwdl8new.mp4,xwdl8new.mp4,希望的路第八集,
176,希望的路,《希望的路》第三集 慧眼识真机 善念有福报,150,10:59,2022-10-23,https://www.tuidang.org/wp-content/uploads/2022/11/xiwangdelu3-720P.mp4,xiwangdelu3-720P.mp4,《希望的路》第三集：慧眼识真机-善念有福报,
177,希望的路,《希望的路》第四集 抹除印记 重获新生,149,15:24,2022-11-02,https://www.tuidang.org/wp-content/uploads/2022/11/xiwangdelu4-720P.mp4,xiwangdelu4-720P.mp4,《希望的路》第四集：抹除印记-重获新生,
178,希望的路,《希望的路》 第六十六集 美国出重拳打击活摘器官 民众觉醒纷纷三退,140,13:53,2024-09-09,https://www.tuidang.org/wp-content/uploads/2024/09/xwdl066.mp4,xwdl066.mp4,《希望的路》-第六十六集-美国出重拳打击活摘器官,
179,希望的路,《希望的路》 第六十二集 中国人需要自救 需要摆脱共产党,133,14:21,2024-08-12,https://www.tuidang.org/wp-content/uploads/2024/08/xwdl042new.mp4,xwdl042new.mp4,《希望的路》-第六十二集-中国人需要自救-需要摆,
180,希望的路,《希望的路》第六十九集 中共活摘器官牟利 知情人士退出中共,113,14:22,2024-10-01,https://www.tuidang.org/wp-content/uploads/2024/10/xwdl049new.mp4,xwdl049new.mp4,《希望的路》第六十九集-中共活摘器官牟利-知情人,
181,希望的路,《希望的路》第六十三集 警察忏悔迫害法輪功 退党选择正义良知,100,14:11,2024-08-20,https://www.tuidang.org/wp-content/uploads/2024/08/xwdl043new.mp4,xwdl043new.mp4,《希望的路》第六十三集-警察忏悔迫害法輪功-退党,
182,希望的路,《希望的路》第七十集 中共迫害新疆等少数民族 中国军人坚决三退,99,14:26,2024-10-10,https://www.tuidang.org/wp-content/uploads/2024/10/xwdl050new.mp4,xwdl050new.mp4,《希望的路》第七十集-中共迫害新疆等少数民族-中,
183,希望的路,《希望的路》第六十一集 中国知名律师许志永被判14年 33民众愤怒三退,94,14:24,2024-08-06,https://www.tuidang.org/wp-content/uploads/2024/12/xwdl041.mp4,xwdl041.mp4,《希望的路》第六十一集-中国知名律师许志永被判1,
184,三退大潮,【三退大潮】退党义工：海外华人要清醒 勿做中共帮凶,254,2:35,2023-03-04,https://www.tuidang.org/wp-content/uploads/2023/02/David-Fang.mp4,David-Fang.mp4,【三退大潮】退党义工：海外华人要清醒-勿做中共,
185,三退大潮,【三退大潮】取得一张退党证明是一个黑和白的问题,253,20:51,2023-03-22,https://www.tuidang.org/wp-content/uploads/2023/03/zhaideyunnew-1080p.mp4,zhaideyunnew-1080p.mp4,【三退大潮】顺应天时-选择三退保平安,
186,三退大潮,【三退大潮】人权律师吴绍平：没有中共 中国才有希望(二),179,23:51,2022-10-14,https://www.tuidang.org/wp-content/uploads/2022/11/wushaoping2.mp4,wushaoping2.mp4,【三退大潮】人权律师吴绍平：没有中共-中国才-2,
187,三退大潮,【三退大潮】蔡桂华：让中国人获得自由（三）,159,23:54,2022-12-29,https://www.tuidang.org/wp-content/uploads/2022/12/caiguihua3.mp4,caiguihua3.mp4,【三退大潮】蔡桂华：让中国人获得自由（三）,
188,三退大潮,【三退大潮】蔡桂华：让中国人获得自由（二）,158,24:55,2022-12-28,https://www.tuidang.org/wp-content/uploads/2022/12/caiguihua2.mp4,caiguihua2.mp4,【三退大潮】蔡桂华：让中国人获得自由（二）,
189,三退大潮,【三退大潮】人权律师吴绍平：没有中共 中国才有希望(四),157,21:43,2022-11-25,https://www.tuidang.org/wp-content/uploads/2022/11/wushaoping4.mp4,wushaoping4.mp4,【三退大潮】人权律师吴绍平：没有中共，中国才,
190,三退大潮,【三退大潮】纽约逾千退党义工游行 声援大陆民众三退,156,12:55,2023-03-05,https://www.tuidang.org/wp-content/uploads/2023/03/20230226-720p.mp4,20230226-720p.mp4,【三退大潮】纽约逾千退党义工在布鲁克林游行,
191,三退大潮,【三退大潮】叶宁：三退是中华民族的希望(中),151,21:17,2022-09-21,https://www.tuidang.org/wp-content/uploads/2022/11/yening2.mp4,yening2.mp4,【三退大潮】叶宁：三退是中华民族的希望中,
192,三退大潮,【三退大潮】人权律师吴绍平：没有中共 中国才有希望(一),146,22:53,2022-10-09,https://www.tuidang.org/wp-content/uploads/2022/11/wushaoping1.mp4,wushaoping1.mp4,【三退大潮】人权律师吴绍平：没有中共-中国才有,
193,三退大潮,【三退大潮】叶宁：三退是中华民族的希望(下),143,18:12,2022-09-25,https://www.tuidang.org/wp-content/uploads/2022/11/yening3.mp4,yening3.mp4,【三退大潮】叶宁：三退是中华民族的希望下,
194,三退大潮,【三退大潮】蔡桂华：让中国人获得自由（四）,130,19:52,2023-01-08,https://www.tuidang.org/wp-content/uploads/2023/01/caiguihua4.mp4,caiguihua4.mp4,【三退大潮】蔡桂华：让中国人获得自由（四）,
195,三退大潮,【三退大潮】叶宁：三退是中华民族的希望(上),128,18:32,2022-09-19,https://www.tuidang.org/wp-content/uploads/2022/11/yening1.mp4,yening1.mp4,【三退大潮】叶宁：三退是中华民族的希望上,
196,三退大潮,【三退大潮】陈闯创：中共没有执政合法性 远离它更安全,125,6:50,2023-02-28,https://www.tuidang.org/wp-content/uploads/2024/12/chenchuangchuangnew.mp4,chenchuangchuangnew.mp4,【三退大潮】陈闯创：中共没有执政合法性-远离它,
197,三退大潮,【三退大潮】人权律师吴绍平：没有中共 中国才有希望(三),102,19:34,2022-11-25,https://www.tuidang.org/wp-content/uploads/2022/11/wushaoping3.mp4,wushaoping3.mp4,【三退大潮】人权律师吴绍平：没有中共-中国才,
198,三退大潮,【三退大潮】蔡桂华：让中国人获得自由（一）,84,14:53,2022-12-22,https://www.tuidang.org/wp-content/uploads/2022/12/caiguihua1.mp4,caiguihua1.mp4,【三退大潮】蔡桂华：让中国人获得自由（一）,
199,退党洪流,【退党洪流】第十五期：江泽民死了 中共穷途末路 巨变在即,358,36:05,2023-01-03,https://www.tuidang.org/wp-content/uploads/2023/01/TDHL15_720P.mp4,TDHL15_720P.mp4,【退党洪流】江泽民死了-中共穷途末路-巨变在即,
200,退党洪流,【退党洪流】第十七期 擂响反共战鼓 谴责社会主义,325,34:22,2023-04-24,https://www.tuidang.org/wp-content/uploads/2023/04/tdhl17.mp4,tdhl17.mp4,【退党洪流】第十七期-擂响反共战鼓-谴责社会主义,
201,退党洪流,【退党洪流】第十六期 避疫有良方欧美亚抗共,305,36:04,2023-02-10,https://www.tuidang.org/wp-content/uploads/2023/02/tdhl16.mp4,tdhl16.mp4,【退党洪流】第十六期-避疫有良方欧美亚抗共,
202,退党洪流,【退党洪流】不求回报 只想给你一条希望的路,207,29:47,2022-06-30,https://www.tuidang.org/wp-content/uploads/2022/11/tuidanghongliu12.mp4,tuidanghongliu12.mp4,【退党洪流】不求回报-只想给你一条希望的路,
203,退党洪流,【退党洪流】END CCP征签年破百万 民众认清共产主义邪恶,168,36:38,2021-10-31,https://www.tuidang.org/wp-content/uploads/2022/11/tuidanghongliu7.mp4,tuidanghongliu7.mp4,【退党洪流】end-ccp征签年破百万-民众认清共产主义邪,
204,退党洪流,【退党洪流】全球灭共正加速 民众翻墙识正邪,162,39:44,2021-10-31,https://www.tuidang.org/wp-content/uploads/2022/11/tuidanghongliu6.mp4,tuidanghongliu6.mp4,【退党洪流】全球灭共正加速-民众翻墙识正邪,
205,退党洪流,【退党洪流】退党中心受褒奖 蓬佩奥揭露中共,155,34:49,2022-12-22,https://www.tuidang.org/wp-content/uploads/2022/12/tdhl14.mp4,tdhl14.mp4,【退党洪流】退党中心受褒奖-蓬佩奥揭露中共,
206,退党洪流,《退党洪流》期盼黑暗之黎明 迎接新生活,113,30:54,2021-10-31,https://www.tuidang.org/wp-content/uploads/2022/11/tuidanghongliu8.mp4,tuidanghongliu8.mp4,《退党洪流》期盼黑暗之黎明-迎接新生活,
207,退党洪流,【退党洪流】美国战略转移剑指中共 三退抹毒誓成当务之急,103,32:15,2021-10-31,https://www.tuidang.org/wp-content/uploads/2022/11/tuidanghongliu9.mp4,tuidanghongliu9.mp4,【退党洪流】美国战略转移剑指中共-三退抹毒誓成,
208,四亿人的觉醒,《四亿人的觉醒》近期将在新唐人电视台连续播放,351,2:28,2023-10-31,https://www.tuidang.org/wp-content/uploads/2023/10/yugaopian.mp4,yugaopian.mp4,《四亿人的觉醒》近期将在新唐人电视台连续播放,
209,四亿人的觉醒,《四亿人的觉醒》悉尼首映 学者赞三退”功德无量”,23,2:47,2023-11-06,https://www.tuidang.org/wp-content/uploads/2023/11/siyirenjuexing-xini.mp4,siyirenjuexing-xini.mp4,《四亿人的觉醒》悉尼首映-学者赞三退功德无量,
210,九评共产党,《九评共产党》应该纳入美国学生教育系统——资深国际媒体人迈克·科恩,257,10:11,2024-11-12,https://www.tuidang.org/wp-content/uploads/2024/11/20241103mike.mp4,20241103mike.mp4,即使是盲人也知道，中共必须被终结-美国资深,
211,组图,【组图】纽约法轮功反迫害游行 声援4.3亿人三退,124,3:41,2024-07-21,https://www.tuidang.org/wp-content/uploads/2024/07/720tangrenjieyouxing.mp4,720tangrenjieyouxing.mp4,【组图】纽约法轮功反迫害游行-声援4-3亿人三退,
212,九评,《九评》问世19周年 世人觉醒 超4.2亿人三退,73,2:30,2023-11-19,https://www.tuidang.org/wp-content/uploads/2023/11/20231117_141844-video_720P.mp4,20231117_141844-video_720P.mp4,《九评》问世19周年-世人觉醒-超4-2亿人三退,
