状态,标题,发布日期,地址,slug,备注
"可播放","新的人生正在兑现（三）（视频）","2008-02-06","https://www.youtube.com/embed/cvHfZdodg3s?feature=oembed","新的人生正在兑现（三）（视频）","新的人生正在兑现[三集](1/3)"
"可播放","三退一亿二千万（2012年7月18日）（视频）","2012-07-18","https://www.youtube.com/embed/oKyWv5qVF2M?feature=oembed","三退一亿二千万（2012年7月18日）（视频）","三退一亿二千万（2012年7月18日）【中国热点视频_九評三退】"
"可播放","新的人生正在兑现（一）（视频）","2008-02-06","https://www.youtube.com/embed/53SEri9v2ts?feature=oembed","新的人生正在兑现（一）（视频）","新的人生正在兑现[一集](1/3)"
"可播放","三退一亿二千一百万（2012年8月1日）（视频）","2012-08-02","https://www.youtube.com/embed/AYdyG4LJ0LA?feature=oembed","三退一亿二千一百万（2012年8月1日）（视频）","三退一亿二千一百万(2012年8月1日)"
"可播放","追查国际主席汪志远：中共是毁灭人类的恶魔","2022-04-25","https://www.youtube.com/embed/rHAOdnVO2_I?feature=oembed","追查国际主席汪志远：中共是毁灭人类的恶魔","追查國際主席汪志遠：中共是毀滅人類的惡魔"
"可播放","【 江峰时刻】平反文革？从鞍钢宪法看所谓的社会主义经济民主对民族的折腾（视频）","2019-03-23","https://www.youtube.com/embed/yTZrlK5PCGk?feature=oembed","【-江峰时刻】平反文革？从鞍钢宪法看所谓的社会","平反文革？從鞍鋼憲法看所謂的社會主義經濟民主對民族的折騰(歷史上的今天20190322第310期)"
"可播放","一个美国女孩的中国经历（上）（视频）","2014-08-23","https://www.youtube.com/embed/FuHr-xWC_ZA?feature=oembed","一个美国女孩的中国经历（上）（视频）","【透視中國】一個美國女孩的中國經歷（上） -  韓秀的故事"
"可播放","美推《共产党透明度法案》退党中心吁速办退党证明","2022-06-02","https://www.youtube.com/embed/gWGr7-Kunrw?feature=oembed","682175","《退黨洪流》第十一期 美推《共產黨透明度法案 》退黨中心籲速辦退黨證書 世界法輪大法日紐約大遊行 The Tide of"
"可播放","【抗日真相系列报导之一】被诬衊的蒋介石（中）（视频）","2015-08-31","https://www.youtube.com/embed/4NXyuQe1tOQ?feature=oembed","【抗日真相系列报导之一】被诬衊的蒋介石（中）","【禁闻】【抗日真相系列报导之一】被诬衊的蒋介石（中）"
"可播放","三退人数突破4亿 法拉盛社区领袖褒奖","2022-08-06","https://www.youtube.com/embed/h4KP9zET2QE?feature=oembed","三退人数突破4亿-法拉盛社区领袖褒奖","社區領袖 Martha Flores-Vazquez褒奖退党中心及声援四亿华人三退"
"可播放","【名家论坛】蓬佩奥：美中关系恶化的终极原因是中共","2022-10-22","https://www.youtube.com/embed/H1Xo9ECUkRo?feature=oembed","蓬佩奥：美中关系恶化的终极原因是中共","The CCP Is the Cause of Deterioration of US-China Relations"
"可播放","追查国际影片：《相信这无法相信的事》（视频）","2018-10-31","https://www.youtube.com/embed/RHs5th4LxnM?feature=oembed","追查国际影片：《相信这无法相信的事》（视频）","相信這無法相信的事"
"可播放","【天亮时分】章天亮十分钟概述中华五千年朝代更替 原创朝代歌诀（视频）","2019-06-08","https://www.youtube.com/embed/5AfGJhV0BEo?feature=oembed","【天亮时分】章天亮十分钟概述中华五千年朝代更","章天亮十分鐘概述中華五千年朝代更替|原創朝代歌訣(史海揚帆第3期20190412)天亮時分"
"可播放","中国辅警曝光警察栽赃陷害犯人的罪恶行径","2022-11-06","https://www.youtube.com/embed/jPVG45vcBw8?feature=oembed","中国辅警曝光警察栽赃陷害犯人的罪恶行径","警察二分钟把民众锁喉锁死，事后警察还被封为烈士"
"可播放","江峰时刻：孟晚舟的逃生路线与过间谍桥的筹码（视频）","2018-12-16","https://www.youtube.com/embed/zcNnLEzrtvM?feature=oembed","江峰时刻：孟晚舟的逃生路线与过间谍桥的筹码（","孟晚舟的逃生路線與過間諜橋的籌碼 （《江峰週末漫談》20181215第3期）"
"可播放","历史上的今天，1月29日：邓丽君——极权者恐慌的曼妙（视频）","2019-01-29","https://www.youtube.com/embed/_zhizjZzqnk?feature=oembed","历史上的今天，1月29日：邓丽君-极权者恐慌的","鄧麗君--看是一幅畫，聽像一首歌（歷史上的今天20190129第272期）"
"可播放","历史上的今天，2月4日：查韦斯——熟读《毛泽东选集》的委内瑞拉独裁者（视频）","2019-02-04","https://www.youtube.com/embed/yqzoIbAaujE?feature=oembed","历史上的今天，2月4日：查韦斯-熟读《毛泽东选","委內瑞拉變天！大獨裁者從美國夢到反美，經歷了什麼？我們用什麼抵抗“人民軍隊”的瘋狂？熟讀《毛澤東選集》的委內瑞拉獨裁者-"
"可播放","历史上的今天，2月1日：延安整风——百分之百的洗脑和恐吓（视频）","2019-02-01","https://www.youtube.com/embed/FISmt5Q7e0g?feature=oembed","历史上的今天，2月1日：延安整风-百分之百的洗","告密文化的源头:延安整风的“小广播表”,目的就是撕裂信任制造恐惧(歷史上的今天20190201第275期)"
"可播放","历史上的今天，1月17日：赵紫阳忌日看中共总书记的命运（视频）","2019-01-17","https://www.youtube.com/embed/QRWARmZq-lI?feature=oembed","历史上的今天，1月17日：赵紫阳忌日看中共总书记","趙紫陽忌日看中共總書記命運（歷史上的今天20190117第264期）"
"可播放","历史上的今天，2月8日：春晚来历——从刘谦换壶到徐良维权（视频）","2019-02-08","https://www.youtube.com/embed/cYHyK3qMuJU?feature=oembed","历史上的今天，2月8日：春晚来历-从刘谦换壶到","劉謙換壺穿幫與春晚吐槽看春晚的國家級宣傳項目的來歷（歷史上的今天20190208第280期）更新版"
"可播放","历史上的今天，2月27日：土豪体验与历史沉淀–LV 路易威登（视频）","2019-02-28","https://www.youtube.com/embed/6LaaDgMGiks?feature=oembed","历史上的今天，2月27日：土豪体验与历史沉淀-lv-路","LV 路易威登||土豪體驗與歷史沉澱 (歷史上的今天20190227第293期)"
"可播放","一位老人的请求：请转告更多的人─共产邪灵的原形（视频）","2019-02-11","https://www.youtube.com/embed/ZMq4PREb0Sw?feature=oembed","一位老人的请求：请转告更多的人─共产邪灵的原","一位老人的請求請轉告人們共產邪靈的原形（更新版）VS 中共無神論的毒害"
"可播放","历史上的今天，2月18日：习近平“正确义利观”的大撒币，源于“援外八项原则”（视频）","2019-02-19","https://www.youtube.com/embed/_DPEQFhFeqk?feature=oembed","历史上的今天，2月18日：习近平正确义利观的-2","“援外八項原則”與當今“正確義利觀”的大撒幣(歷史上的今天20190218第286期)"
"可播放","815专案，1989年之后，中共动用警力最大的个案—高智晟（视频）","2019-03-12","https://www.youtube.com/embed/DfZtqO0G0wA?feature=oembed","815专案，1989年之后，中共动用警力最大的个案-高智","高智晟||815专案，1989年之后，中共动用警力最大的个案（歷史上的今天20190311第301期）"
"可播放","大陆各界贺三退 盼中共解体迎光明（视频）","2012-03-07","https://www.youtube.com/embed/agfZMsnboX4?feature=oembed","大陆各界贺三退-盼中共解体迎光明（视频）","大陆各界贺三退 盼中共解体迎光明"
"可播放","梁慕娴谈与中共决裂 赞三退运动好（视频）","2012-03-30","https://www.youtube.com/embed/5jW9cB7l_5E?feature=oembed","梁慕娴谈与中共决裂-赞三退运动好（视频）","梁慕嫻談與中共決裂 贊三退運動好"
"可播放","【江峰时刻 】爱因斯坦的心中谁是祖国?“国家是为人而建立，而人不因国家而生存”（视频）","2019-03-15","https://www.youtube.com/embed/ou-r5bEBMKU?feature=oembed","【江峰时刻-】爱因斯坦的心中谁是祖国国家是为","愛因斯坦的心中誰是祖國?“國家是為人而建立，而人不因國家而生存”（歷史上的今天20190314第304期）"
"可播放","【江峰时刻 】其实不需要玉碎，也可以有武士的尊严——塞班岛狐狸，太平洋战争最后的日本武士（视频）","2019-03-22","https://www.youtube.com/embed/inp2gAOE5TU?feature=oembed","【江峰时刻-】其实不需要玉碎，也可以有武士的尊","塞班島狐狸,太平洋戰爭最後的日本武士| 其實不需要玉碎,也可以有武士的尊嚴(歷史上的今天20190321第309期)"
"可播放","【江峰时刻】官媒口径中“4.25”围攻中南海的真相（视频）","2019-04-26","https://www.youtube.com/embed/Ud_21t6uR6M?feature=oembed","【江峰时刻】官媒口径中4-25围攻中南海的真相","蘇美特異功能對抗與中國的氣功熱；法輪功與官媒口徑中“4.25”圍攻中南海的真相（歷史上的今天20190425第334期）"
"可播放","【江峰时刻】特刊《白玫瑰第四份传单》（视频）","2019-07-09","https://www.youtube.com/embed/Ui474JeZsD0?feature=oembed","【江峰时刻】特刊《白玫瑰第四份传单》（视频）","《白玫瑰第四份傳單》:先知和圣徒们珍惜那份自由，在传讲真相中坚守他们心中的神，并且在神的帮助下逆转了让人们下滑的路线（歷"
"可播放","【江峰时刻】萨斯病叫“非典”不为人知的原因与瘟疫背后的黑手（视频）","2019-04-25","https://www.youtube.com/embed/y8_NIpmDjyM?feature=oembed","【江峰时刻】萨斯病叫非典不为人知的原因与","薩斯（SARS）病叫“非典”不為人知的原因與瘟疫背後的黑手；台灣告別世衛組織是政治綁票(歷史上的今天 20190424 "
"可播放","【江峰时刻】“打造”《雅尔塔协议》出卖中国的神秘人，躲在罗斯福总统身后的红色间谍（视频）","2019-07-09","https://www.youtube.com/embed/1tTMa3VclRY?feature=oembed","【江峰时刻】打造《雅尔塔协议》出卖中国的","美國紅色間諜（上）：“打造”《雅爾塔協議》出賣中國的神秘人，躲在羅斯福總統身後的共產黨員（歷史上的今天20190708第"
"可播放","【江峰时刻】为什么偏偏歧视华人？《排华法案》的深层原因和当下海外华人的危机（视频）","2019-05-08","https://www.youtube.com/embed/QS-XEnZWQLo?feature=oembed","【江峰时刻】为什么偏偏歧视华人？《排华法案》","為什麼偏偏歧視華人？《排華法案》的深層原因和當下海外華人的危機(歷史上的今天20190506第341期)"
"可播放","【江峰时刻】八九六四与光州事件：跪求与要求的民主，同样的坦克碾压，不同的结果（视频）","2019-05-28","https://www.youtube.com/embed/_KJx_a6lM-w?feature=oembed","【江峰时刻】八九六四与光州事件：跪求与要求的","八九六四與光州事件：跪求與要求的民主，同樣的坦克碾壓，不同的結果（歷史上的今天20190527第355期）"
"可播放","【江峰时刻】1989年，中国爆发民主革命的那一年，萨哈罗夫去世—–独裁统治下知识分子的操守和灵魂（视频）","2019-05-22","https://www.youtube.com/embed/5dH6Hs5z4KI?feature=oembed","【江峰时刻】1989年，中国爆发民主革命的那一年，","薩哈羅夫||獨裁統治下知識分子的操守和靈魂（歷史上的今天20190521第351期）"
"可播放","林立果之妃新婚之夜 惊见“林彪”在眼前（视频）","2019-05-09","https://www.youtube.com/embed/hoUH8WLX-Xc?feature=oembed","林立果之妃新婚之夜-惊见林彪在眼前（视频）","林彪儿媳远嫁美国，新婚之夜惊见“林彪”就在眼前"
"可播放","辛灏年：中共抗战 不打日军打国军（视频）","2015-08-26","https://www.youtube.com/embed/zzalpDRf0Ak?feature=oembed","辛灏年：中共抗战-不打日军打国军（视频）","【禁闻】辛灏年：中共抗战 不打日军打国军"
"可播放","一针见血！辛灏年谈〝中共为何要阅兵〞（视频）","2015-09-10","https://www.youtube.com/embed/9gjnm-c7ir4?feature=oembed","一针见血！辛灏年谈〝中共为何要阅兵〞（视频）","一針見血！辛灝年談「中共為何要閱兵」"
"可播放","【江峰时刻】六一儿童节的沉重历史（视频）","2019-06-04","https://www.youtube.com/embed/Subpk2MwYKk?feature=oembed","【江峰时刻】六一儿童节的沉重历史","六一兒童節的沉重歷史 （歷史上的今天 20180601第101期）"
"可播放","中共崩溃成国际共识 中国民众的出路在哪里？","2023-08-16","https://www.youtube.com/embed/gYKAvx5K1F8?feature=oembed","中共崩溃成国际共识-中国民众的出路在哪里？","涉十余省份暴雨對流雙預警，估計整個夏季都在抗台抗洪，找避難場所，廊坊海水倒灌排不掉，補貼30元每人，黑龍江災民一天三頓白"
"可播放","【江峰时刻】八岁的少年习近平欢迎金日成的到访；八岁的泉泉探访狱中遭受酷刑的父亲。这个民族的记忆中随时失去的欢乐和降临的痛，该终止了（视频）","2019-06-29","https://www.youtube.com/embed/9raYINeOTRg?feature=oembed","【江峰时刻】八岁的少年习近平欢迎金日成的到访","八歲的少年習近平歡迎金日成；八歲的泉泉探訪獄中的父親王全璋。這個民族的記憶中隨時失去的歡樂和降臨的痛，該終止了（江峰漫談"
"可播放","【江峰时刻】南泥湾的那段革命历史竟是鸦片历史（视频）","2019-06-25","https://www.youtube.com/embed/xtuTTmD9stc?feature=oembed","【江峰时刻】南泥湾的那段革命历史竟是鸦片历史","南泥灣的那段革命歷史竟是鴉片歷史（歷史上的今天 20180620第114期）"
"可播放","【江峰时刻】爱泼斯坦性丑闻八卦：牵出川普和克林顿以及英国王室（视频）","2019-08-15","https://www.youtube.com/embed/Ouzxl98MMtw?feature=oembed","【江峰时刻】爱泼斯坦性丑闻八卦：牵出川普和克","美國亿万富翁爱泼斯坦性醜聞八卦：牽出川普和克林頓以及英國王室；爱泼斯坦離奇死亡的幕後黑手和神秘的撒旦儀式（江峰漫談201"
"可播放","“中国的法律是假的” 留美学生声明“三退”","2023-08-25","https://www.youtube.com/embed/i5bVjvhhs4w?feature=oembed","中国的法律是假的-留美学生声明三退","高智晟失蹤6年 法律碩士研究生聲援中國良心｜今日加州"
"可播放","历史上的今天，11月27日：《红岩》上唱红歌——假中美合作所与真渣滓洞（视频）","2018-11-27","https://www.youtube.com/embed/NXMTm2M6z28?feature=oembed","历史上的今天，11月27日：《红岩》上唱红歌-假","《紅岩》唱響紅歌的地方，假的中美合作所與真的渣滓洞（歷史上的今天 20181127 第227期）"
"可播放","历史上的今天，1月4日：费边社——披着羊皮的狼（视频）","2019-01-04","https://www.youtube.com/embed/yiCAVQAuLEM?feature=oembed","历史上的今天，1月4日：费边社-披着羊皮的狼（","費邊社—披著羊皮的狼（歷史上的今天 20190104 第255期）"
"可播放","【百年真相】八个兆头 中共将亡？","2024-01-21","https://www.youtube.com/embed/ewGDsdwdd24?feature=oembed","【百年真相】八个兆头-中共将亡？","🔥2023年，出現中共將滅亡的8大徵兆⋯⋯｜ #百年真相"
"可播放","血旗怎能代表中国（视频）","2011-10-30","https://www.youtube.com/embed/RcQJoQ0puZg?feature=oembed","血旗怎能代表中国（视频）","正見網-血旗怎能代表中國"
"可播放","历史上的今天，1月14日：刘少奇在四清运动中——罪恶的制造者与被害者（视频）","2019-01-14","https://www.youtube.com/embed/7qraMsmz3gs?feature=oembed","历史上的今天，1月14日：刘少奇在四清运动中","黑暗歷史的製造者與受害者--劉少奇和王光美在四清運動中（歷史上的今天20190114第261期）"
"可播放","丝毫不差的因果报应—王权、宫斗、教会，英国王室的狗血剧（视频）","2019-03-08","https://www.youtube.com/embed/IesWqwwXnqQ?feature=oembed","丝毫不差的因果报应-王权、宫斗、教会，英国王","絲毫不差的因果報應—王權、宮鬥、教會，英國王室的狗血劇（歷史上的今天20190307第299期）"
"可播放","【江峰时刻 】斯大林死亡之谜—共产政权领袖的最大威胁永远来自宣誓效忠的战友（视频）","2019-03-28","https://www.youtube.com/embed/sWMbHSTnupk?feature=oembed","【江峰时刻-】斯大林死亡之谜-共产政权领袖的最","斯大林死亡之謎|共產政權領袖的最大威脅永遠來自宣誓效忠的戰友（歷史上的今天20190327第313期）"
"可播放","江峰时刻：海瑞罢官和样板戏——京戏怎样改变中国命运（视频）","2019-02-26","https://www.youtube.com/embed/1JiZajgPi3g?feature=oembed","江峰时刻：海瑞罢官和样板戏-京戏怎样改变中","從海瑞罷官到八大樣板戲,一場京戲怎樣改變中國命運(歷史上的今天20190226第292期)"
"可播放","〝雨伞运动〞台前幕后搅局的江派人马（图文）","2014-10-13","https://www.youtube.com/embed/gJQG-KF7zz0?feature=oembed","〝雨伞运动〞台前幕后搅局的江派人马（图文）","民眾高呼下台 梁振英出動催淚彈鎮壓"
"可播放","学者：中国共产党面临的核心危机（视频）","2012-10-19","https://www.youtube.com/embed/fQPAZIN5tJ8?feature=oembed","学者：中国共产党面临的核心危机（视频）","【禁闻】学者：中国共产党面临的核心危机"
"可播放","拆解中共打压香港雨伞运动招术（图文）","2014-11-12","https://www.youtube.com/embed/b-ncuhIuqmg?feature=oembed","拆解中共打压香港雨伞运动招术（图文）","香港雨傘運動在催淚彈爆炸中爆發（實錄精華周年回顧）"
"可播放","香港旺角伤人暴徒被曝曾为梁振英站台 （图文）","2014-10-24","https://www.youtube.com/embed/RkPL_7bR54c?list=PLWAENduz_mpsW4Lw1jvM_MVXoGgML3O53","香港旺角伤人暴徒被曝曾为梁振英站台-（图文）","【2014-10-22 雨傘革命 佔領街道】南亞裔狂徒用利器插佔領群眾"
"可播放","【江峰时刻】他把福尔摩斯写活了，再想把福尔摩斯写死……柯南·道尔（视频）","2019-05-23","https://www.youtube.com/embed/JF3qJ9SkvUk?feature=oembed","【江峰时刻】他把福尔摩斯写活了，再想把福尔摩","他把福爾摩斯寫活了，再想把福爾摩斯寫死---柯南·道爾（歷史上的今天20190522第352期）"
"可播放","孙中山诞辰150周年 孙与共产党的3大分歧","2015-11-12","https://www.youtube.com/embed/r34ksLl1oDA?feature=oembed","孙中山诞辰150周年-孙与共产党的3大分歧图文","【大陆不敢播的完整版国父原音】中山先生病逝前关于三民主义的演说与叮咛"
"可播放","全球退党中心恭祝大家新年快乐！三退保平安！","2021-01-01","https://www.youtube.com/embed/zCSZheud_Zo?feature=oembed","全球退党中心恭祝大家新年快乐！三退保平安！","全球退党中心恭祝大家新年快乐！三退保平安！"
"可播放","美国的宽容与移民应有的感恩；满城尽是红旗飘，为什么华人要重温那个逼迫你背井离乡的邪恶（视频）","2019-04-12","https://www.youtube.com/embed/Aok-4ajN_Vo?list=PLq1H8d8LsDIWjMrqzitqA8fI9nQiIK-q5","美国的宽容与移民应有的感恩；满城尽是红旗飘，","愛麗絲島||美國的寬容與移民應有的感恩；滿城盡是紅旗飄，為什麼華人要重溫那個逼迫你背井離鄉的邪惡（歷史上的今天 2019"
"可播放","【江峰时刻】爱丽丝岛——美国的宽容与移民的感恩（视频）","2019-04-11","https://www.youtube.com/embed/Aok-4ajN_Vo?feature=oembed","【江峰时刻】爱丽丝岛-美国的宽容与移民的感","愛麗絲島||美國的寬容與移民應有的感恩；滿城盡是紅旗飄，為什麼華人要重溫那個逼迫你背井離鄉的邪惡（歷史上的今天 2019"
"可播放","法轮大法洪传29周年 纽约学员向李洪志先生祝寿","2021-05-02","https://www.youtube.com/embed/2ZYPdYJMdXY?feature=oembed","法轮大法洪传29周年-纽约学员向李洪志先生祝寿","纽约大法弟子恭祝师尊华诞暨世界法轮大法日 Happy Birthday to Master Li in New York"
"可播放","新泽西真相车队揭露中共邪恶 民众：支持你们","2021-02-01","https://www.youtube.com/embed/K5GgHekxNIU?feature=oembed","新泽西真相车队揭露中共邪恶-民众：支持你们","新澤西真相車隊向美國民眾揭露共產邪惡"
"可播放","“共产主义必败” 纽约人签名支持解体中共","2021-05-30","https://www.youtube.com/embed/duWb0svUddI?feature=oembed","共产主义必败-纽约人签名支持解体中共","CCP 完了共產主義全世界失敗紐約勇士車隊徵簽西點軍校傳真相Support Endccp car parade  pet"
"可播放","【江峰时刻 】美、德、以三国情报部联合行动追补一名外号“屠夫”的医生—门格勒（视频）","2019-05-25","https://www.youtube.com/embed/iTCbnDhRtfQ?feature=oembed","【江峰时刻-】美、德、以三国情报部联合行动追补","門格勒|美、德、以三國情報部聯合行動追補一名外號“屠夫”的醫生（歷史上的今天20190524第354期）"
"可播放","【江峰时刻】毁香港、亲中媒体乱台湾 外国代理人登记清剿海外共媒——世界新闻自由日（视频）","2019-05-08","https://www.youtube.com/embed/Ee5pfk6KDB0?feature=oembed","【江峰时刻】毁香港、亲中媒体乱台湾-外国代理人","世界新聞自由日|【逃犯條例】毀香港、親中媒體亂台灣，外國代理人登記清剿海外共媒(歷史上的今天20190503第340期)"
"可播放","中共利用礼品卡、加密货币与洗钱网络掏空美国零售市场黑幕","2026-06-17","https://www.youtube.com/embed/2FrYsZlBIUk?feature=oembed","中共利用礼品卡、加密货币与洗钱网络掏空美国零","美國零售業一年損失數百億美元，背後竟牽出橫跨中國、東南亞與美國的地下洗錢帝國。從盜刷禮品卡、福利金詐騙到加密貨幣轉移，誰"
"可播放","【江峰时刻】“新中国”第一部禁片 为什么对一个乞丐下手那么狠？毛泽东与《武训传》（视频）","2019-04-24","https://www.youtube.com/embed/9j8lPeaBPsA?feature=oembed","【江峰时刻】新中国第一部禁片-为什么对一个","“新中國”第一部禁片|為什麼對一個乞丐下手那麼狠？毛澤東與《武訓傳》(歷史上的今天20190423第332期)"
"可播放","【江峰时刻】美国总统的一次野外生存体验 改变了美国对大自然的态度（视频）","2019-05-29","https://www.youtube.com/embed/yAVCSaU4kSk?feature=oembed","【江峰时刻】美国总统的一次野外生存体验-改变了","美國總統的一次野外生存體驗，改變了美國對大自然的態度。從約翰·謬爾談專制下的思想統一與民主體制下的思想多樣性（歷史上的今"
"可播放","柏林墙倒塌30年 历史的警钟长鸣（视频）","2019-11-02","https://www.youtube.com/embed/0KGBs1zv8pE?feature=oembed","柏林墙倒塌30年-历史的警钟长鸣（视频）","柏林牆倒塌30年 歷史警鐘仍長鳴｜德國旅遊"
"可播放","EndCCP横跨美国车队 在洛杉矶中领馆前高喊“打倒中共恶魔”","2021-10-07","https://www.youtube.com/embed/9cAWr1PTP70?feature=oembed","endccp横跨美国车队-在洛杉矶中领馆前高喊打倒中共","全球退黨中心End CCP車隊橫跨美國，從東岸出發經過9天來到洛杉磯，與當地車隊會合在市區車遊，在洛杉磯中領館前，展示「"
"可播放","【天亮时分】五千年信是如何记载下来的 慷慨赴死的史官精神（视频）","2019-06-08","https://www.youtube.com/embed/GpC8cZlDmoI?feature=oembed","【天亮时分】五千年信是如何记载下来的-慷慨赴死","五千年信史是如何記載下來的|慷慨赴死的史官精神(史海扬帆第4集20190417)天亮時分"
"可播放","“好人做善事” 民众把End CCP车队图片发到脸书","2021-10-11","https://www.youtube.com/embed/8B9waIwKCn4?feature=oembed","好人做善事-民众把end-ccp车队图片发到脸书","全球退黨中心組織的End CCP車隊途經亞利桑那州圖森市，獲得民眾贊許，要把車隊的照片發到臉書上，讓更多人看到。"
"可播放","遇EndCCP车队 酒店客人欣喜：希望各国都有","2021-10-15","https://www.youtube.com/embed/KTSk3CeB5Dk?feature=oembed","遇endccp车队-酒店客人欣喜：希望各国都有","全球退党服务中心EndCCP横跨美国车队，一路翻山越岭、风尘仆仆，抵达德克萨斯州最大城市休斯敦和第三大城市达拉斯，传递“"
"可播放","中国古典舞——人类的艺术瑰宝","2021-10-28","https://www.youtube.com/embed/0JwBQxKbzeo?feature=oembed","中国古典舞-人类的艺术瑰宝","Shen Yun 2021 Official Trailer"
"可播放","【江峰时刻】中国柏林墙的故事，逃港的大陆人和无路可逃的香港人（视频）","2019-06-20","https://www.youtube.com/embed/rOnXJKh1358?feature=oembed","【江峰时刻】中国柏林墙的故事，逃港的大陆人和","逃港的大陸人和無路可逃的香港人。深圳經濟特區是被大逃港逼出來的？香港反送中越演越烈。（歷史上的今天 20190619第3"
"可播放","中共入党新规的魔性逻辑与末日征兆","2026-06-22","https://www.youtube.com/embed/iYRmGofyczU?feature=oembed","中共入党新规的魔性逻辑与末日征兆","中共最新入黨規則釋放哪些政治信號？當官方仍全力發展黨員，全球三退人數已突破4.63億。兩股力量背道而馳‼️這場歷史大潮揭"
"可播放","北卡州府雇员支持End CCP：捍卫自由 把共产党视为敌人","2021-12-22","https://www.youtube.com/embed/icvNb3R4dSo?feature=oembed","北卡州府雇员支持end-ccp：捍卫自由-把共产党视为敌人","打倒中共恶魔（End CCP）车队“环美车游”第三季—东南之旅，12月20日抵达北卡，在州府罗利的州议会前，一位在州府工"
"可播放","End CCP环美车队抵北卡 民众捐加油费支持","2021-12-22","https://www.youtube.com/embed/xKs1tx-qCwQ?feature=oembed","end-ccp环美车队抵北卡-民众捐加油费支持","在北卡首府附近一家Walmart超市停车场，有两兄弟连署End CCP倡议后离开了，但是他们又开车返回，把兜里的零钱拿出"
"可播放","“天安门自焚”追查报告","2026-02-07","https://youtu.be/UjRnnVxqyOI](https://youtu.be/UjRnnVxqyOI","天安门自焚追查报告","『天安門自焚』調查報告"
"可播放","美国第444号决议：天意已决！华人关键时刻","2026-06-22","https://www.youtube.com/embed/n9qRmhcDL6E?feature=oembed","美国第444号决议：天意已决！华人关键时刻","美國參議院全票通過第444號決議，首次以國家立法層面將中共列為犯罪集團，這項決議被視為歷史性轉折。每一位仍保留黨、團、隊"
"可播放","十九年前的“伪火”不攻自破的世纪谎言（视频）","2020-01-24","https://www.youtube.com/embed/xWB-5q_-yac?feature=oembed","十九年前的伪火不攻自破的世纪谎言（视频）","禁片回放：《伪火》"
"可播放","二胡演奏：真愿之旅","2022-01-29","https://www.youtube.com/embed/FfmE_B32TwA?feature=oembed","二胡演奏：真愿之旅","JourneyTo Our Heavenly Home真願之旅 ErHuMeiXuan二胡美旋Chines Music "
"可播放","隐瞒军旅身份 入境美国被捕承认是中校及党员","2026-07-28","https://www.youtube.com/embed/nb4om11WJzI?feature=oembed","隐瞒17年解放军军旅与党籍-入境美国被捕","美國入境審查收緊，海外華人如何證明已與中共切割？｜【#三退前線】EP26"
"可播放","组图:枫叶丹心——End CCP车队美东北传真相","2021-10-31","https://www.youtube.com/embed/h3-AG6iVl8M?feature=oembed","组图枫叶烂漫时-end-ccp车队带你去赏最美枫情","1. 金秋十月🍁紐約車隊新英格蘭真相之旅 Endccp car parade to New England 10/29"
"可播放","《武汉封城》公开制作内幕：不畏风险讲真话","2025-01-30","https://www.youtube.com/embed/F939QK1x0C8?start=123&#038;feature=oembed","《武汉封城》公开制作内幕：不畏风险讲真话","《武汉封城》纪录片团队披露制作内幕，致敬说真话的中国公民"
"可播放","为什么要退党（二）","2022-06-16","https://www.youtube.com/embed/D_N4xVajmwg?feature=oembed","为什么三退2","【禁闻】报告：中共军医承认活摘法轮功学员器官"
"可播放","【传统故事精选】宋景公逆转国运","2022-06-27","https://www.youtube.com/embed/Po5UbD06AnI?feature=oembed","宋景公逆转国运","传统故事：宋景公逆轉國運"
"可播放","打倒中共恶魔呼声走高 全球逾百万人签名支持","2021-06-17","https://www.youtube.com/embed/kbq13ng52Ts?feature=oembed","打倒中共恶魔呼声走高-全球逾百万人签名支持","他们为何参加ENDCCP真相车队？在车游时看到了什么？Why Join the ENDCCP car parade? w"
"可播放","“End CCP” 曼哈顿民众声讨中共之恶","2021-06-22","https://www.youtube.com/embed/ZJ2BzqpvJrU?feature=oembed","end-ccp-曼哈顿民众声讨中共之恶","紐約英雄曼哈頓車遊徵簽活力十足welcome car parade  parade in Manhattan 65202"
"可播放","【传统故事精选】包青天与小皇子","2022-07-14","https://www.youtube.com/embed/oLeyU2X43bo?feature=oembed","包青天与小皇子","《包青天與小皇子》"
"可播放","【江峰时刻 】杀妻还是杀谍？击毙还是成仁？抗日英雄张灵甫（视频）","2019-05-17","https://www.youtube.com/embed/pwNK5k90nHE?feature=oembed","【江峰时刻-】杀妻还是杀谍？击毙还是成仁？抗日","抗日英雄张灵甫| 殺妻還是殺諜？擊斃還是成仁？(歷史上的今天20190516第348期）"
"可播放","为什么不能随便发毒誓？（一）","2022-08-08","https://www.youtube.com/embed/xMlDf0Z_D6A?feature=oembed","为什么不能随便发毒誓？（一）","以古为镜 誓言成真"
"可播放","【菁英论坛】崩溃亡党在即 刘源绝望上书","2024-12-15","https://www.youtube.com/embed/CCbMsFtF62E?feature=oembed","【菁英论坛】崩溃亡党在即-刘源绝望上书","中共滅亡在即，劉源上將絕望上書中央；震撼消息：現在軍官槍不離身，隨時準備魚死網破；習動用龐大資源在美國對法輪功發動「司法"
"可播放","纽约法轮功学员向李洪志先生恭贺新年","2021-12-14","https://www.youtube.com/embed/afhnLOgnScg?feature=oembed","纽约法轮功学员向李洪志先生恭贺新年","12月12日纽约部分法轮功学员向李洪志先生恭贺新年New Year Greetings to Master Li 202"
"可播放","横穿美国传播真相 纽约“EndCCP”车队出征","2021-10-01","https://www.youtube.com/embed/Lhj6jgDOt60?feature=oembed","横穿美国传播真相-纽约endccp车队出征","1.壯舉！真相車隊穿越美國  從紐約到俄亥俄Endccp Car parade  across America 1  F"
"可播放","从红色高棉看共产主义的罪恶","2022-10-23","https://www.youtube.com/embed/C3tlOowWnk0?feature=oembed","从红色高棉看共产主义的罪恶","【 #新聞大家談 10/21 】近2萬「萬人坑」全國1/4人口被消失，中共才是後台！內鬥+誤判 中共複製「赤柬覆滅」之路"
"可播放","国际社会聚焦中国“白纸革命”","2022-11-30","https://www.youtube.com/embed/MvGR6msT6Cw?feature=oembed","国际社会聚焦中国白纸革命","中國即時現場！江蘇徐州網民零晨拍到有坦克及裝甲車駛入市區（1）"
"可播放","深圳大火背后：比亚迪、电动车产业与权力博弈的三重交错","2026-04-19","https://www.youtube.com/embed/3STF5lSHrvw?feature=oembed","深圳大火背后：比亚迪、电动车产业与权力博弈的","深圳大火燒出21大權鬥信號？比亞迪工廠起火疑點重重｜中國電動車神話還能撐多久？｜馬興瑞倒台後深圳局勢劇變｜習家科技版圖遭"
"可播放","退党中心特稿：别信中共谎言 赶快退党自救","2023-02-10","https://www.youtube.com/embed/L2xb6i0YeHE?feature=oembed","退党中心特稿：别信中共谎言-赶快退党自救","别信中共谎言 赶快退党自救"
"可播放","人权委员会执行主任：真善忍终将战胜邪恶","2026-09-27","https://www.youtube.com/embed/Ssxk1zYQV84?feature=oembed","人权委员会执行主任：真善忍终将战胜邪恶","朝鲜人权主席斯卡拉托尤：中共的目的是消滅法輪功"
"可播放","维吾尔族人权活动家：与法轮功共抗跨境迫害","2026-09-27","https://www.youtube.com/embed/luWJZnBv8Ag?feature=oembed","维吾尔族人权活动家：与法轮功共抗跨境迫害","迫害「真善忍」：中共極權對普世價值的恐懼  维吾尔人运动茹仙·阿巴斯"
"可播放","思科案真的会带来“外交政策担忧”吗？","2026-05-05","https://www.youtube.com/embed/M_5UuPZGwjQ?feature=oembed","思科案真的会带来外交政策担忧吗？","常識的拷問 科技巨頭思科案的司法歷程｜【#三退前線】EP8"
"可播放","三退超1.17亿 多伦多人吁更多人选择 （视频）","2012-06-11","https://www.youtube.com/embed/zdUEDtjgvjo?feature=oembed","三退超1-17亿-多伦多人吁更多人选择-（视频）","三退超1.17亿 多伦多人吁更多人选择 (新闻视频_三退_退党)"
"可播放","汪志远：纪念4.25 中国人应脱离中共 守住良知","2026-04-29","https://www.youtube.com/embed/fqokcr-mRnM?feature=oembed","汪志远：纪念4-25-中国人应脱离中共-守住良知-2","全球退出中共中心主席汪志远：纪念4.25 中国人应脱离中共 守住良知"
"可播放","苏联秘档：整个中共都是莫斯科特务（视频）","2015-07-11","https://www.youtube.com/embed/uBQ4fAzL6hA?feature=oembed","苏联秘档：整个中共都是莫斯科特务（视频）","蘇聯秘檔：整個中共都是莫斯科特務"
"可播放","历史上的今天，1月25日：古拉格劳改营（视频）","2019-01-25","https://www.youtube.com/embed/5tvxA4m4mKc?feature=oembed","历史上的今天，1月25日：古拉格劳改营（视频）","世界上曾經最大的監獄—古拉格勞改營（歷史上的今天20190125第270期）"
"可播放","【江峰时刻】“我把世界踩在脚下”与“留下一米给巅峰”，珠穆朗玛峰登顶看一个民族强大崛起，对这个世界的不同态度（视频）","2019-05-30","https://www.youtube.com/embed/IfgjKncmPO4?feature=oembed","【江峰时刻】我把世界踩在脚下与留下一米","“我把世界踩在脚下”与“留下一米给巅峰”， 珠穆朗玛峰登顶看一个民族强大崛起，对这个世界的不同态度（歷史上的今天2019"
"可播放","历史上的今天（1月9日）：最高机密“白蚁行动”与伊丽莎白女王号（视频）","2019-01-09","https://www.youtube.com/embed/5QA6t_Yc4xs?feature=oembed","历史上的今天（1月9日）：最高机密白蚁行动与","最高机密《白蚁行动》与伊麗莎白女王號（歷史上的今天20190109第258期）"
"可播放","历史上的今天，1月31日：汉字简化——神传文化似水流，抽刀断水水更流（视频）","2019-01-31","https://www.youtube.com/embed/kPTt8sM8IX0?feature=oembed","历史上的今天，1月31日：汉字简化-神传文化似","中國漢字簡化的歷史；蘇俄意圖消滅中國文字的始末（歷史上的今天20190131第274期）"
"可播放","历史上的今天，2月25日：中国十万远征军 二战时期入缅作战（视频）","2019-02-26","https://www.youtube.com/embed/Ir1RgOJVRfU?feature=oembed","历史上的今天，2月25日：中国十万远征军-二战时期","中國遠征軍之殤||二戰國際上最著名的中國軍隊,至今無法定位善終(歷史上的今天20190225第291期)"
"可播放","【江峰时刻】中国第一位留美学生和教育家–容闳（视频）","2019-04-12","https://www.youtube.com/embed/Swk8-StYA_A?feature=oembed","中国第一位留美学生和教育家-容闳（视频）","容閎--中國第一位留美學生和教育家(歷史上的今天 20190412第325期)"
"可播放","【江峰时刻】伟大的禁书《安妮日记》（视频）","2019-06-13","https://www.youtube.com/embed/ayWJGSFgUZA?feature=oembed","【江峰时刻】伟大的禁书《安妮日记》（视频）","偉大的禁書《安妮日記》--記錄你身邊的不公與黑暗，讓罪惡遠離這個民族和後代 （歷史上的今天 20180612第108期）"
"可播放","钢琴家巫漪丽曾哀求红卫兵：别打我手，打我脚吧！（视频）","2019-04-23","https://www.youtube.com/embed/c4YzLPXyV6w?feature=oembed","钢琴家巫漪丽曾哀求红卫兵：别打我手，打我脚吧","《梁祝》钢琴独奏 编曲暨演奏 巫漪丽老师 / Elaine Wu YiLi's ""Butterfly Lovers"" P"
"可播放","【江峰时刻】美国红色间谍（下）：前苏联间谍的自传改变了里根总统的立场（视频）","2019-07-11","https://www.youtube.com/embed/Jy5pJsuUkwc?feature=oembed","【江峰时刻】美国红色间谍（下）：前苏联间谍的","美國紅色間諜（下）：前蘇聯間諜的自傳改變了里根總統的立場；尼克松從反共鬥士變成與中共的交易者。 （歷史上的今天20190"
"可播放","他用人皮做成《我的奋斗》封面，他曾想带领全体德军向盟军投降，党性奴役下的盖世太保头子—希姆莱（视频）","2019-05-24","https://www.youtube.com/embed/TpXifMPoVuY?feature=oembed","他用人皮做成《我的奋斗》封面，他曾想带领全体","希姆萊|他用人皮做成《我的奮鬥》封面，他曾想帶領全體德軍向盟軍投降，黨性奴役下的蓋世太保頭子(歷史上的今天2019052"
"可播放","【江峰时刻 】美国输掉的对抗21世纪中共崛起的第一仗—美国轰炸中国驻南斯拉夫大使馆（视频）","2019-05-09","https://www.youtube.com/embed/c87n8_x3PFA?feature=oembed","【江峰时刻-】美国输掉的对抗21世纪中共崛起的第","美國轟炸中國駐南斯拉夫大使館|美國輸掉的對抗21世紀中共崛起的第一仗 (歷史上的今天20190508第343期）"
"可播放","不为人知的马克思：出生富裕犹太家庭，从基督徒转变为撒旦教徒，歌颂魔鬼仇恨人类（视频）","2019-07-23","https://www.youtube.com/embed/itkXRhLigrA?feature=oembed","不为人知的马克思：出生富裕犹太家庭，从基督徒","不為人知的馬克思：出生富裕犹太家庭，从基督徒转变为撒旦教徒，歌颂魔鬼仇恨人类"
"可播放","【江峰时刻】一张牛皮大的学校 基督教在中国创造的石门坎文明奇迹（视频）","2019-10-31","https://www.youtube.com/embed/HxN3cPwc6pA?feature=oembed","【江峰时刻】一张牛皮大的学校-基督教在中国创造","一張牛皮大的學校，基督教在中國創造的石門坎文明奇蹟 （歷史上的今天20190916第373期））"
"可播放","【江峰时刻】200万人600公里手拉手人链 波罗海之路与暴政抗争之路（视频）","2019-10-31","https://www.youtube.com/embed/yEOn2_2Ft-s?feature=oembed","【江峰时刻】200万人600公里手拉手人链-波罗海之路与","200萬人600公里手拉手人鏈，波羅的海之路，與暴政抗爭之路（歷史上的今天20190906第372期）"
"可播放","【江峰时刻】对罪恶视而不见 才让恶人有机会行恶（视频）","2019-06-04","https://www.youtube.com/embed/8koy9LLAioo?feature=oembed","【江峰时刻】对罪恶视而不见-才让恶人有机会行恶","《白玫瑰的第二份傳單》：廣大民眾冷漠的人性，對罪惡視而不見，才讓惡人有機會行惡（歷史上的今天特刊 20190603第2期"
"可播放","加国多伦多民众声援退党 吁解体中共（视频）","2020-08-14","https://www.youtube.com/embed/HrXvVKiglNQ?feature=oembed","加国多伦多民众声援退党-吁解体中共（视频）","加国多伦多民众声援退党 吁解体中共"
"可播放","藏字石惊现天意 （视频）","2012-06-11","https://www.youtube.com/embed/kHUAxc8Wcaw?feature=oembed","藏字石惊现天意-（视频）","录像短片：藏字石惊现天意"
"可播放","【历史回顾】纽约法拉盛事件的前前后后","2022-01-18","https://www.youtube.com/embed/nGCUD32IGx0?feature=oembed","【历史回顾】纽约法拉盛事件的前前后后","法拉盛暴力事件真相"
"可播放","中共最惧怕的一本书将传遍世界（视频）","2012-07-13","https://www.youtube.com/embed/3DeJ22EV2zw?feature=oembed","中共最惧怕的一本书将传遍世界（视频）","7.20反迫害 中共最惧怕的一本书将传遍世界【热点视频_法轮功_720反迫害】"
"可播放","党魁江习二家轮流为许家印站台 欠下2.4万亿天债","2026-04-20","https://www.youtube.com/embed/MDlGPl6C0U8?feature=oembed","党魁江习二家轮流为许家印站台-欠下2-4万亿天债","馬興瑞落馬後連環清算？｜許家印案唔止經濟！牽出深圳權鬥與萬科｜恒大正式死亡｜萬科成下一個焦點？｜供應商、買樓人全面爆雷真"
"可播放","三退一亿二千二百万（2012年8月20日）（视频）","2012-08-21","https://www.youtube.com/embed/lj96iXm-FZ0?feature=oembed","三退一亿二千二百万（2012年8月20日）（视频）","三退一亿二千二百万(2012年8月20日)"
"可播放","我为啥退党—84岁老人退党声明（视频）","2012-09-14","https://www.youtube.com/embed/eLmDDVuCvlY?feature=oembed","我为啥退党-84岁老人退党声明（视频）","《石涛评述》我为啥退党--84岁老人廖兴元退党声明"
"可播放","三退一亿二千四百万（2012年9月23日）（视频）","2012-09-23","https://www.youtube.com/embed/mw_1LOvdgfw?feature=oembed","三退一亿二千四百万（2012年9月23日）（视频）","三退一亿二千四百万(2012年9月23日)"
"可播放","《李天笑快评天下事》第二期 解读“行为艺术”中共十一雨中默哀（视频）","2013-10-04","https://www.youtube.com/embed/iykXnt9EU7k?feature=oembed","《李天笑快评天下事》第二期-解读行为艺术中","2013/10/01解讀""行為藝術"" 中共十一雨中默哀《李天笑快評天下事》第二期"
"可播放","如何摆脱魔鬼共产党（视频）","2013-02-26","https://www.youtube.com/embed/1y5XhRuBZi8?feature=oembed","如何摆脱魔鬼共产党（视频）","【网友热议_石涛评述】如何摆脱魔鬼共产党(今日点撃)"
"可播放","看真相急退党 来台陆客年破200万（视频）","2012-12-07","https://www.youtube.com/embed/7Q1ly_r9nzA?feature=oembed","看真相急退党-来台陆客年破200万（视频）","【中国热点真相新新闻】看真相急退党 来台陆客年破200万"
"可播放","【今日点击】德国柏林墙倒塌25周年 中国柏林墙也会同样倒塌 （视频）","2014-11-10","https://www.youtube.com/embed/U6pvus5kneY?feature=oembed","【今日点击】德国柏林墙倒塌25周年-中国柏林墙也","【今日点击】德国柏林墙倒塌25周年 中国柏林墙也会同样倒塌｜自由｜"
"可播放","取缔共产党案 乌克兰正式开庭审理（视频）","2014-07-25","https://www.youtube.com/embed/liMoF1tGTvE?feature=oembed","取缔共产党案-乌克兰正式开庭审理（视频）","【新唐人/NTD】取締共產黨案 烏克蘭正式開庭審理｜烏克蘭｜共產黨｜"
"可播放","历史上的今天，12月13日：神风特攻队—传统文化和信仰被扭曲成政治符号（视频）","2018-12-13","https://www.youtube.com/embed/kWQGRBSVNoI?feature=oembed","历史上的今天，12月13日：神风特攻队-传统文化和","神風敢死隊—傳統和信仰被扭曲成政治符號（歷史上的今天 20181213 第239期）更新版"
"可播放","历史回顾：香港回归后首次用催泪弹镇压示威（视频）","2015-03-29","https://www.youtube.com/embed/n1CdV9e5p5g?feature=oembed","历史回顾：香港回归后首次用催泪弹镇压示威","歷史回顧：香港回歸後首次用催淚彈和水炮鎮壓示威"
"可播放","纽约市民加入烛光夜悼 支持法轮功反迫害","2022-07-18","https://www.youtube.com/embed/zf-LWawvcvU?feature=oembed","纽约市民加入烛光夜悼-支持法轮功反迫害","华灯初上，点点烛光…，7月16日在7.20反迫害23周年之际，数百纽约法輪功学员在中領馆前抗议迫害，悼念被迫害离世的同修"
"可播放","败给共产党是谁的错？台湾90后吁还蒋介石公道（视频）","2015-11-18","https://www.youtube.com/embed/cDMsteYZnwI?feature=oembed","败给共产党是谁的错？台湾90后吁还蒋介石公道（视","台大政治系碩士季節：還蔣中正公道"
"可播放","【江峰时刻】俄罗斯反华、中国倒爷与毛泽东的珍宝岛“自卫反击战”（视频）","2019-03-30","https://www.youtube.com/embed/XFYj71_d5LI?feature=oembed","【-江峰时刻】俄罗斯反华、中国倒爷与毛泽东的珍","俄罗斯反华、中國倒爺與毛澤東的珍寶島“自衛反擊戰”（歷史上的今天20190329第315期）"
"可播放","法轮功在中国一直是合法的","2022-08-16","https://www.youtube.com/embed/1dnRJaH5zGY?feature=oembed","法轮功在中国一直是合法的","法輪功在中國一直是合法的"
"可播放","【天亮时分 】东西方历史的惊人巧合与不同民族的共同记忆——泥土造人、大洪水与神的归来（视频）","2019-06-08","https://www.youtube.com/embed/sulj0pQ3skY?feature=oembed","【天亮时分-】东西方历史的惊人巧合与不同民族的","东西方歷史的驚人巧合與不同民族的共同記憶:泥土造人,大洪水與神的歸來(史海揚帆第1集 20190406)天亮時分"
"可播放","共产党领袖的荒淫生活 ：你所不了解的马克思 列宁 毛泽东（视频）","2019-01-18","https://www.youtube.com/embed/E5i8xHFSNX0?feature=oembed","共产党领袖的荒淫生活-：你所不了解的马克思-列宁","共產黨領袖的荒淫生活 ：你所不了解的馬克思 列寧 毛澤東 | 真相傳媒"
"可播放","【江峰时刻】衰败还是繁荣？用经济战打垮强大苏联的里根总统35年前预见中国的发展道路（视频）","2019-06-06","https://www.youtube.com/embed/EeLBN3MiZyQ?feature=oembed","【江峰时刻】衰败还是繁荣？用经济战打垮强大苏","衰敗還是繁榮？用經濟戰打垮強大蘇聯的里根總統35年前預見中國的發展道路(歷史上的今天20190605第362期）"
"可播放","历史上的今天，1月3日：格雷迪丝•艾维德——小女人 大慈悲（视频）","2019-01-04","https://www.youtube.com/embed/loE1egxQZMA?feature=oembed","历史上的今天，1月3日：格雷迪丝艾维德-小女","加入中国籍并对抗日最具影响力的人物之一艾偉德（歷史上的今天20190103 第254期）"
"可播放","历史上的今天，1月24日：黄埔军校建校——一所学校和一个国家（视频）","2019-01-24","https://www.youtube.com/embed/VQzb7s60TP8?feature=oembed","历史上的今天，1月24日：黄埔军校建校-一所学","黃埔军校：一所學校和兩個主義（歷史上的今天20190124第269期）"
"可播放","历史上的今天，1月21日：教师节——“灵魂工程师” 竟然是毛骨悚然的名字（视频）","2019-01-21","https://www.youtube.com/embed/YwYQ7QW5bNc?feature=oembed","历史上的今天，1月21日：教师节-灵魂工程师","“人類靈魂工程師” 的說法竟然出自斯大林（歷史上的今天20190121第266期）"
"可播放","历史上的今天，2月6日：王立军夜闯美领馆——一记耳光打出的真相（视频）","2019-02-06","https://www.youtube.com/embed/s4ddrSjIE_U?feature=oembed","历史上的今天，2月6日：王立军夜闯美领馆-一记","王立軍夜闖美領館,一記耳光,打出真相(歷史上的今天20190206第278期)"
"可播放","历史上的今天，2月14日：Youtube自由的平台走上钳制自由的道路了吗？（视频）","2019-02-14","https://www.youtube.com/embed/tKI_wv4sWUI?feature=oembed","历史上的今天，2月14日：youtube自由的平台走上钳制自由","YouTube會走向箝制自由言論之路嗎?(歷史上的今天20190214第284期)"
"可播放","中国农村疫情引关注 药荒是否会引起粮荒？","2023-01-04","https://www.youtube.com/embed/kPgTAXlPiH4?feature=oembed","农村疫情引关注-药荒是否会引起粮荒？","中国新冠疫情迅速蔓延老年人最危险  农村地区医药资源尤其短缺"
"可播放","卡廷屠杀——真相终将大白（视频）","2019-03-06","https://www.youtube.com/embed/3UKqg7T7rFQ?feature=oembed","卡廷屠杀-真相终将大白（历史上的今天20190305第297期","卡廷屠杀 --真相終將大白（歷史上的今天20190305第297期）"
"可播放","【 江峰时刻】孙志刚案终止了一条恶法，黑暗以更强大力量反扑回来（视频）","2019-03-21","https://www.youtube.com/embed/VDe6yaQ0mvI?feature=oembed","【-江峰时刻】孙志刚案终止了一条恶法，黑暗以更","孫志剛案與南方都市報案的真相|作為一名記者，你有不說話的權利，但沒有講假話的權利（歷史上的今天20190320第308期"
"可播放","中共垮台不远 三退才能保平安 全球退党中心 帮您退出党团队 在线办理中英文退党证明 作为递交给美国政府的权威证明（视频）","2020-08-19","https://www.youtube.com/embed/jbsy45BEEGU?feature=oembed","中共垮台不远-三退才能保平安-全球退党中心-帮您","中共垮台不远 三退才能保平安 全球退党中心 帮您退出党团队 在线办理中英文退党证书 作为递交给美国政府的权威证明"
"可播放","【天亮时分】进化论（下）：一个存在了160年的骗局（视频）","2019-05-29","https://www.youtube.com/embed/ppz-sg2btcQ?feature=oembed","【天亮时分】进化论（下）：一个存在了160年的骗","進化論(下):一個存在了160年的騙局 (哲思心語第2集20190421)天亮時分"
"可播放","【江峰时刻】曾跟王光美谈对象，文革中最红的美国造反派—李敦白（视频）","2019-04-09","https://www.youtube.com/embed/egZR6JcXK5I?feature=oembed","曾跟王光美谈对象，文革中最红的美国造反派-李","李敦白—曾跟王光美談對象，文革中最紅的美國造反派 (歷史上的今天20190408第321期)"
"可播放","章天亮十分钟概述中华五千年朝代更替 原创朝代歌诀（视频）","2019-04-13","https://www.youtube.com/embed/5AfGJhV0BEo?feature=oembed","章天亮十分钟概述中华五千年朝代更替-原创朝代歌","章天亮十分鐘概述中華五千年朝代更替|原創朝代歌訣(史海揚帆第3期20190412)天亮時分"
"可播放","【江峰时刻】中美合作所——真相大白了，为何谎言还要继续？（视频）","2019-04-16","https://www.youtube.com/embed/tfsMbFsmr8Y?feature=oembed","中美合作所-真相大白了，为何谎言还要继续？","“美國人在中國建立集中營”---中美合作所,已經真相大白為什麼還要繼續撒謊（歷史上的今天20190415第326期）"
"可播放","【江峰时刻】路易斯安那–美国最大的土地买卖（视频）","2019-05-01","https://www.youtube.com/embed/mplcqS4xOF0?feature=oembed","【江峰时刻】路易斯安那-美国最大的土地买卖（","路易斯安那||民族崛起和國家發展需要的天時地利人和，從美國歷史上最大的土地買賣談起(歷史上的今天20190430第337"
"可播放","章天亮：一个存在了160年的骗局 （上）（视频）","2019-04-21","https://www.youtube.com/embed/sIBmy3lVeEg?feature=oembed","章天亮：一个存在了160年的骗局-（上）（视频）","進化論(上):一個存在了160年的騙局(哲思心語第1集20190419)天亮時分"
"可播放","【江峰时刻 】红色高棉和中越自卫反击战的真实原因（视频）","2019-04-19","https://www.youtube.com/embed/QsDeMT3TaUk?feature=oembed","【江峰时刻-】红色高棉和中越自卫反击战的真实原","紅色高棉||柬埔寨西哈努克親王的舌尖中國與紅色高棉的屠戮；中越“自衛反擊戰”究竟為誰而戰？（歷史上的今天20190418"
"可播放","【江峰时刻】毛泽东无法理解的“屁大的事儿”菜鸟记者掀翻美国总统——水门事件（视频）","2019-05-08","https://www.youtube.com/embed/Ie99CNnh93Y?feature=oembed","【江峰时刻】毛泽东无法理解的屁大的事儿菜","水門事件|毛澤東無法理解的“屁大的事兒”，菜鳥記者掀翻美國總統(歷史上的今天20190507第342期)"
"可播放","【江峰时刻】红都女皇江青在法庭上说了什么，被六位法官喝斥“住口”， 从江青的自杀看中国共运祸害（视频）","2019-05-16","https://www.youtube.com/embed/maWakMK0fDY?feature=oembed","【江峰时刻】红都女皇江青在法庭上说了什么，被","紅都女皇江青在法庭上說了什麼，被六位法官喝斥“住口” ， 從江青的自殺看中國共運禍害（歷史上的今天20190514第34"
"可播放","【江峰时刻】颂歌与罪罚，人与国家道路的选择—曼德拉（视频）","2019-05-10","https://www.youtube.com/embed/swlyTucEXZw?feature=oembed","【江峰时刻】颂歌与罪罚，人与国家道路的选择","曼德拉-----頌歌與罪罰 人與國家道路的選擇(歷史上的今天 20190510第345期)"
"可播放","【菁英论坛】认清中共 退出中共 回归人性","2023-07-06","https://www.youtube.com/embed/w_ifkXU1rT0?feature=oembed","【菁英论坛】认清中共-退出中共-回归人性","越是生活在中國的中國人越明白，共產黨并沒有帶來解放，而是更災難深重的奴役和壓迫，中國人正面臨黨性和人性的選擇，一退一進的"
"可播放","林彪为建别墅炸寺庙 菩萨突然显灵 两年后林彪坠机身亡（视频）","2018-02-07","https://www.youtube.com/embed/e9agNGziHyA?feature=oembed","林彪为建别墅炸寺庙-菩萨突然显灵-两年后林彪坠机","林彪為建別墅炸寺廟  菩薩突然顯靈  兩年後林彪墜機身亡"
"可播放","【江峰时刻】曾阻断光明的柏林墙（视频）","2019-06-25","https://www.youtube.com/embed/lfBWgPAyr78?feature=oembed","【江峰时刻】曾阻断光明的柏林墙（视频）","曾阻断光明的柏林墙 （歷史上的今天 20180622第116期）"
"可播放","【江峰时刻】纳粹战犯艾希曼执行绞刑，所带来的思考（视频）","2019-05-31","https://www.youtube.com/embed/NtbEjwNbdaQ?feature=oembed","【江峰时刻】国家在犯罪，政府在迫害，我只是在","艾希曼的絞刑帶來的思考：國家在犯罪，政府在迫害，我只是在執行命令，我有罪嗎？(歷史上的今天20190531第359期)"
"可播放","【江峰时刻】最早的幼儿园创立（视频）","2019-06-25","https://www.youtube.com/embed/skFeG8oco-w?feature=oembed","【江峰时刻】最早的幼儿园创立（视频）","最早的幼兒園創立和福祿貝爾的人性教育（歷史上的今天 20180621第115期）"
"可播放","【江峰时刻】从花样年华的女生到下手最狠的女红卫兵（视频）","2019-06-19","https://www.youtube.com/embed/TBIYuMmZVLI?feature=oembed","【江峰时刻】从花样年华的女生到下手最狠的女红","從花樣年華的女生到下手最狠的女紅衛兵（歷史上的今天20180618第112期）"
"可播放","【江峰时刻】70年民族劫难《四》1969年十一阅兵，真正的内部口号 “七分钟撤离”（视频）","2019-10-16","https://www.youtube.com/embed/tim14bti-Gs?feature=oembed","【江峰时刻】70年民族劫难《四》1969年十一阅兵，真","70年民族劫難《四》: 1969年十一閱兵，真正的內部口號“七分鐘撤離”；美國動用王牌把中國從蘇聯核打擊中挽救下來（歷史"
"可播放","【江峰时刻】70年民族劫难《七》：胡耀邦下台只有他一个人反对（视频）","2019-11-05","https://www.youtube.com/embed/Ed3DgXCqY_Y?feature=oembed","【江峰时刻】70年民族劫难《七》：胡耀邦下台只有","70年民族劫難《七》：“小平你好”的幕後；八十年代美國對華軍事科技援助密情；胡耀邦下台只有他一個人反對（歷史上的今天20"
"可播放","【老北京茶馆】大中华反共头牌、抗日卫国民族英雄——蒋介石（二）（视频）","2020-06-30","https://www.youtube.com/embed/qG7eNy5DKNU?feature=oembed","【老北京茶馆】大中华反共头牌、抗日卫国民族英-2","大中华反共头牌、抗日卫国民族英雄——蒋介石（二）（老北京茶馆/传奇书场/蒋介石/第02集/2020/06/27）"
"可播放","天灭中共，退党保命！退党中心教你如何退党！（视频）","2020-07-20","https://www.youtube.com/embed/zhreJzRoNCM","天灭中共，退党保命！退党中心教你如何退党！（","天灭中共，退党保命！退党中心教你如何退党！"
"可播放","江峰时刻：《周末漫谈》—— 什么来头，崔永元敢精准轰炸最高法院（视频）","2019-01-06","https://www.youtube.com/embed/fYtl8JhlGTI?feature=oembed","江峰时刻：《周末漫谈》-什么来头，崔永元敢","什麼來頭？ 崔永元敢於精準打擊最高法院（江峰週末漫談20190105第6期）"
"可播放","视频实录七一港人逾51万上街抗共精彩场面（图文）","2014-07-05","https://www.youtube.com/embed/CWnODa8P2xA?feature=oembed","视频实录七一港人逾51万上街抗共精彩场面（图文）","中共建黨日香港逾51萬人上街抗共現場精華"
"可播放","国殇日 大陆港台名人声援三退（视频）","2011-10-02","https://www.youtube.com/embed/pD9l5VgrwwU?feature=oembed","国殇日-大陆港台名人声援三退（视频）","国殇日 大陆港台名人声援三退"
"可播放","历史上的今天，11月29日：高尔基——党的最高级知识分子，也只能是党最高级的奴才（视频）","2018-11-30","https://www.youtube.com/embed/NWDWOU7H0zs?feature=oembed","历史上的今天，11月29日：高尔基-党的最高级知","黨的最高級知識分子，只能是黨最高級的奴才—高尔基（歷史上的今天 20181129 第229期）"
"可播放","历史上的今天,1月16日: 海湾战争–现代战争的开端（视频）","2019-01-16","https://www.youtube.com/embed/j4ZJx9-Nkaw?feature=oembed","历史上的今天1月16日-海湾战争-现代战争的开端（","海灣戰爭--中共軍改的學不會和磚家張召忠的搞不懂（歷史上的今天20190116第263期）"
"可播放","中共欺骗 百万华人葬身朝鲜","2014-07-28","https://www.youtube.com/embed/xHpgd1RrbMk?feature=oembed","中共欺骗-百万华人葬身朝鲜（图文）","""抗美援朝""60年中朝颂友谊 老兵要尊严国民吁反思"
"可播放","江派黑帮特工袭击香港 意图从习近平手中夺权（图文）","2014-10-08","https://www.youtube.com/embed/htROdhbi5DM?feature=oembed","江派黑帮特工袭击香港-意图从习近平手中夺权（图","中共啟動特務及黑社會襲擊參與香港雨傘運動民眾"
"可播放","毛泽东与他44年权斗不休 探寻此人真面目（视频）","2019-01-28","https://www.youtube.com/embed/QrUVxxRO3Fg?feature=oembed","毛泽东与他44年权斗不休-探寻此人真面目（视频）","毛澤東與他44年權鬥不休  探尋此人真面目"
"可播放","谁在过三八妇女节？—从纽约一场火灾看妇女运动怎样成为共产运动的一部分的（视频）","2019-03-09","https://www.youtube.com/embed/lCbZDvx8kto?feature=oembed","谁在过三八妇女节？-从纽约一场火灾看妇女运动","誰在過三八婦女節？從紐約一場火災看婦女運動怎樣成為共產運動的一部分的（歷史上的今天20190308第300期）"
"可播放","成龙是曾庆红兄弟在台前的头号王牌","2014-08-27","https://www.youtube.com/embed/Fw6-38y0kZQ?feature=oembed","成龙是曾庆红兄弟在台前的头号王牌（视频）","成龍為中共站台厄運連連"
"可播放","揭开巴黎公社的真相就像砸了共产主义者祖宗牌位一样，不过他们就是流氓呀（视频）","2019-03-19","https://www.youtube.com/embed/0UOfhN0KOLU?feature=oembed","揭开巴黎公社的真相就像砸了共产主义者祖宗牌位","揭開巴黎公社的真相就像砸了共產主義者祖宗牌位一樣，不過他們就是流氓呀（歷史上的今天20190318第306期）"
"可播放","张灵甫热 抗日名将遭中共抹黑海内外关注（图文）","2015-01-31","https://www.youtube.com/embed/gSYkkVzDW5Y?feature=oembed","张灵甫热-抗日名将遭中共抹黑海内外关注（图文）","孟良崮之魂 常勝將軍 - 張靈甫(一)"
"可播放","【江峰时刻 】莫札特、特斯拉都是自闭症患者？我们身边“不合群”的孩子们（视频）","2019-04-03","https://www.youtube.com/embed/S6KZiyJ4DPU?feature=oembed","【江峰时刻-】莫札特、特斯拉都是自闭症患者？我","自閉症包括莫札特、特斯拉？我們身邊“不合群”的孩子們----世界自閉症關注日(歷史上的今天20190402第317期）"
"可播放","两位英国音乐人为何疾呼中国人退党（图文）","2020-07-07","https://www.youtube.com/embed/qplBcRCiLvI","两位英国音乐人为何疾呼中国人退党（图文）","The Temporary Residents - A Change is Coming"
"可播放","助梁振英竞选的黑帮袭击香港雨伞运动被认出（图文）","2014-10-09","https://www.youtube.com/embed/htROdhbi5DM?feature=oembed","助梁振英竞选的黑帮袭击香港雨伞运动被认出（图","中共啟動特務及黑社會襲擊參與香港雨傘運動民眾"
"可播放","【江峰时刻 】维稳与维权—3.15消费者权益日（视频）","2019-03-16","https://www.youtube.com/embed/5wWVnQF1Ne8?feature=oembed","【江峰时刻-】维稳与维权-3-15消费者权益日（视频","315消費者權益日||成都學生食堂衛生引發大規模維權：您吃了麼，為什麼在中國成了一句讓人不安的問候？維穩與維權（歷史上的"
"可播放","纽约州民众：中共是世界病毒 大声呼吁“END CCP”","2020-12-29","https://www.youtube.com/embed/m02zqKsopMU?feature=oembed","纽约州民众：中共是世界病毒-大声呼吁end-ccp","纽约州首府奥本尼民众高呼ENDCCP"
"可播放","台海间谍第一案 少将刘连昆（视频）","2014-04-07","https://www.youtube.com/embed/RL4edkDSOAU?feature=oembed","台海间谍第一案-少将刘连昆（视频）","解密时刻：台海间谍第一案 (完整版)"
"可播放","中共图谋用人工智能奴役全世界的人","2021-01-01","https://www.youtube.com/embed/e5LQOipNZqs?feature=oembed","中共图谋用人工智能奴役全世界的人","CCP plans to enslave world's people with AI, says Cyrus Pars"
"可播放","【江峰时刻 】它是民主的台阶，还是独裁者的舞台？奥运会的盛事与丑事（视频）","2019-04-05","https://www.youtube.com/embed/A9u_P_lNvoo?feature=oembed","【江峰时刻-】它是民主的台阶，还是独裁者的舞台","奧運會的盛事與醜事：它是民主的台階，還是獨裁者的舞台？（歷史上的今天20190404第319期）"
"可播放","【江峰时刻】波音公司——737空难与家世，最高级的自干五（视频）","2019-04-10","https://www.youtube.com/embed/_2JizhrJRs0?feature=oembed","波音公司-737空难与家世，最高级的自干五（视","波音737空難與家世；中國工程師怎樣當上波音之父的；第一艘巡洋艦平海號（歷史上的今天 20190409第322期）"
"可播放","三退人数破3.7亿 公司总裁：中共罪行滔天","2021-02-22","https://www.youtube.com/embed/p-N-pPHyL-I?feature=oembed","三退人数破3-7亿-公司总裁：中共罪行滔天","图说三退"
"可播放","【江峰时刻 】清华大学投毒案 与中国人的白宫请愿（视频）","2019-04-11","https://www.youtube.com/embed/o4dR2NvHgR8?feature=oembed","【江峰时刻-】清华大学投毒案-与中国人的白宫请愿","朱令案|清華大學投毒案 與中國人的白宮請願(歷史上的今天20190410第323期)"
"可播放","“END CCP” 美国民众呼吁解体中共","2021-01-11","https://www.youtube.com/embed/ZAHi1nsygdk?feature=oembed","end-ccp-美国民众呼吁解体中共","2021年1月6日在“拯救美国”集会上, 民众高喊“End CCP” On Jan 6, 2021 people sho"
"可播放","退党大潮 （视频）","2018-03-14","https://www.youtube.com/embed/nDTBZfe67AA?feature=oembed","公播版-退党大潮-（视频）","Tuidang - Building Freedom in China / 退黨大潮 - 億萬人的覺醒之旅【完整版】"
"可播放","纽约打倒中共恶魔车队DC传真相 民众支持","2021-04-10","https://www.youtube.com/embed/ETumfsBjoxQ?feature=oembed","纽约打倒中共恶魔车队dc传真相-民众支持","樱花节游客观赏ENDCCP车队-4月3-4日纽约真相车队华盛顿DC传真相 car parade to DC 4/3-4 "
"可播放","新年寄语：迎新元","2021-02-05","https://www.youtube.com/embed/pfNjG9gqe64?feature=oembed","新年寄语：迎新元","迎新元 全球退党中心2021新年寄语"
"可播放","真相车队显神威 “结束中共”呼声涨","2021-06-03","https://www.youtube.com/embed/eTO6UgQagJE?feature=oembed","真相车队显神威-结束中共呼声涨","“中共馬上就要完蛋了！”採訪ENDCCP支持者  5月29日紐約ENDCCP車隊在西點軍校、大熊山、紐堡、Woodbur"
"可播放","【江峰时刻】悠久的历史和文化，是生命力还是枷锁？从巴黎人的眼光，看文明的排外与包容（视频）","2019-05-16","https://www.youtube.com/embed/eEB949j3-CU?feature=oembed","【江峰时刻】悠久的历史和文化，是生命力还是枷","埃菲爾鐵塔|經歷了巴黎人的挑剔，最後贏得了世人的讚美 (歷史上的今天20190515第347期）"
"可播放","中共即将解体 世人支持End CCP运动","2021-07-05","https://www.youtube.com/embed/nydtQEGrKtE?feature=oembed","中共即将解体-世人支持end-ccp运动","紐約英雄風雨無阻曼哈頓傳真相🌟NY heroes truth 🚘 car tours in Manhattan 👍"
"可播放","【天亮时分】进化论（上）：一个存在了160年的骗局（视频）","2019-05-28","https://www.youtube.com/embed/sIBmy3lVeEg?feature=oembed","【天亮时分】进化论（上）：一个存在了160年的骗","進化論(上):一個存在了160年的騙局(哲思心語第1集20190419)天亮時分"
"可播放","纽约“打倒中共恶魔”车队横空出世 气势如虹","2021-07-12","https://www.youtube.com/embed/KR7u5iCXwZQ?feature=oembed","纽约打倒中共恶魔车队横空出世-气势如虹","纽约真相车队义工出发前高唱：“创世主没有把世人一遗忘，只是迷中你必须了解真相，..."""
"可播放","中共最高层犯罪率远超社会 大厦将倾","2026-04-27","https://www.youtube.com/embed/zJxvK1dQXX0?feature=oembed","中共最高层犯罪率远超社会-大厦将倾","中共最高層犯罪率遠超社會 大廈將傾｜【#三退前線】"
"可播放","【江峰时刻】彭丽媛艺术指导《白毛女》 习近平指令全党一起看（视频）","2019-05-31","https://www.youtube.com/embed/hKGvsCKSm44?feature=oembed","【江峰时刻】彭丽媛艺术指导《白毛女》-习近平指","彭麗媛藝術指導《白毛女》，習近平指令全黨一起看。問題是地主黃世仁們都在人民大會堂呀 誰斗誰呢？（歷史上的今天201905"
"可播放","EndCCP车队横跨美国万里行 沿途收获点赞","2021-10-02","https://www.youtube.com/embed/Jk8IghUp3JQ?feature=oembed","endccp车队横跨美国万里行-沿途收获点赞","4. 壯舉！紐約真相車隊穿越美國 —芝加哥 NY heroes across America car parade (3"
"可播放","长风拂泪：辚辚浩然车 正气穿越美国","2021-10-07","https://www.youtube.com/embed/RElAOlUCLpc?feature=oembed","长风拂泪：辚辚浩然车-正气穿越美国","橫穿美國傳播真相 「打倒中共惡魔」車隊紐約啟程"
"可播放","【江峰时刻】义和团围攻西什库教堂：毁灭民族的“爱国贼”（视频）","2019-06-16","https://www.youtube.com/embed/NLV1dKTRPIk?feature=oembed","【江峰时刻】义和团围攻西什库教堂：毁灭民族的","義和團围攻西什库教堂：毀滅民族的“愛國賊”（歷史上的今天20180615第111期）"
"可播放","天涯海角响起“打倒中共恶魔” End CCP车队抵美“最上镜”灯塔","2021-11-02","https://www.youtube.com/embed/7PYcJoOFeTc?feature=oembed","天涯海角响起打倒中共恶魔-end-ccp车队抵美最上","2. 金秋十月🍁紐約車隊新英格蘭真相之旅—緬因州波特蘭燈塔行 Endccp car parade to Portlan"
"可播放","【江峰时刻】拾荒女子发现惊天秘密 干翻城市一把手（视频）","2019-07-20","https://www.youtube.com/embed/S-C93Uzz8-8?feature=oembed","【江峰时刻】拾荒女子发现惊天秘密-干翻城市一把","拾荒女子發現驚天秘密 干翻城市一把手---貝爾市腐敗案（歷史上的今天 20190717第371期）"
"可播放","【江峰时刻】70年民族劫难《五》：叶剑英推荐习仲勋 叶选宁辅佐习近平 中国是红色家族的遗产（视频）","2019-10-18","https://www.youtube.com/embed/xUvPUKVEHYY?feature=oembed","【江峰时刻】70年民族劫难《五》：叶剑英推荐习仲","70年民族劫難《五》：葉劍英推薦習仲勛，葉選寧輔佐習近平，中國是紅色家族的遺產；新老上海幫，高層決鬥的密器；毛主席紀念堂"
"可播放","“天灭中共”真相车队环绕纽约中领馆慢驶（2020年7月）（视频）","2020-08-08","https://www.youtube.com/embed/WxFVu_PuKk4?feature=oembed","天灭中共真相车队环绕纽约中领馆慢驶（2020年7","“天滅中共”真相車隊環繞紐約中領館慢駛（2020年7月）"
"可播放","《石涛聚焦》武汉肺炎最新状况：318人 病危12人 死亡6人 武汉封城-进出被管制（视频）","2020-01-22","https://www.youtube.com/embed/mBUN9ebp_Qs?feature=oembed","《石涛聚焦》武汉肺炎最新状况：318人-病危12人-死亡6","《石濤聚焦》「武漢非典2.0最新狀況：318人 病危12人  死亡6人」武漢封城-進出被管制 大規模擴散 新增天津 重慶"
"可播放","【老北京茶馆】大中华反共头牌、抗日卫国民族英雄——蒋介石（一）（视频）","2020-06-29","https://www.youtube.com/embed/Z2lIbXfQPAA?feature=oembed","【老北京茶馆】大中华反共头牌、抗日卫国民族英","大中华反共头牌、抗日卫国民族英雄——蒋介石（一）（老北京茶馆/传奇书场/蒋介石/第01集/2020/06/23）"
"可播放","悉尼End CCP真相车队环游澳洲 民众支持（组图）","2022-01-24","https://www.youtube.com/embed/QStTBjRGehA?start=2&#038;feature=oembed","悉尼end-ccp真相车队环游澳洲-民众支持（组图）","澳洲真相之旅"
"可播放","二胡演奏：中原敘事","2022-01-29","https://www.youtube.com/embed/lshVJxmtOoA?feature=oembed","二胡：中原敘事","中原敘事A True Story In China: Inspirational Erhu Solo. Traditio"
"可播放","纪念四‧二五诗朗诵：《四‧二五的光辉》","2022-04-24","https://www.youtube.com/embed/gzgGhsi0zwI?feature=oembed","681777","詩朗誦《四·二五的光輝》｜紀念四·二五和平上訪二十三週年"
"可播放","7・1当日近4万人退党 世界多地为中共送终","2021-07-04","https://www.youtube.com/embed/E3NiaIQ5gFs?feature=oembed","7・1近4万人退党-世界多地华人为中共送终","“7.1” 奇闻  中共百年  上海访民中领馆前高喊“打倒中共  向中共默哀！”"
"可播放","三退一亿一千万（2012年1月26日）（视频）","2012-01-26","https://www.youtube.com/embed/EmUcqbh1yRM?feature=oembed","三退一亿一千万（2012年1月26日）（视频）","三退一亿一千万（2012年1月26日）"
"可播放","歌曲：迎曙光","2021-08-29","https://www.youtube.com/embed/u4GtKZNG2OQ?feature=oembed","歌曲：迎曙光","迎曙光（Winston演唱）历史巨变在眼前 正邪大战正开演 中共丧钟已敲响 岔路口上善恶间 退出邪党才能保平安 摆脱中共"
"可播放","ENDCCP签名超176万 洛杉矶民众响应","2022-01-08","https://www.youtube.com/embed/f6XiRy7LGoA?feature=oembed","endccp签名超176万-洛杉矶民众响应","全球退党中心动态   第五期  ENDCCP签名超176万 洛杉矶民众响应 环澳真相车队马不停蹄送福音 反响热烈"
"可播放","全球退党中心推出在线办理“退党证明”服务（视频）","2020-08-20","https://www.youtube.com/embed/NuUe8kSM6so?feature=oembed","全球退党中心推出在线办理退党证书服务（视","全球退党中心推出在线办理「退党证书」服务"
"可播放","科学没有认证无神论 逾九成科学家相信神","2022-09-26","https://www.youtube.com/embed/FAExcT4iArw?start=176&#038;feature=oembed","科学没有认证无神论-逾九成科学家相信神","中国送马克思雕像回故乡引发民众抗议"
"可播放","纽约华人：新冠死者家属要追责中共","2023-01-20","https://www.youtube.com/embed/_rHC5fC1zOE?feature=oembed","纽约华人：新冠死者家属要追责中共","纽约华人：新冠死者是被共产党害死的，大家要保住命清算中共"
"可播放","智库主任：跨宗教团结 反中共跨境迫害","2026-09-27","https://www.youtube.com/embed/dgmZZT9UIJg?feature=oembed","智库主任：跨宗教团结-反中共跨境迫害","哈德逊研究所妮娜·谢伊：法輪功修煉者正遭中共迫害"
"可播放","【名家论坛】蓬佩奥：自由与民主对中国人民也适用","2022-11-22","https://www.youtube.com/embed/UOtWZKF8MS8?feature=oembed","蓬佩奥：自由与民主对中国人民也适用","Freedom and Democracy Are Universal Values That Apply to Chi"
"可播放","胡鑫宇离奇失踪 恐怖的981","2023-02-11","https://www.youtube.com/embed/E9sZM9YLQ-E?feature=oembed","胡鑫宇离奇失踪-恐怖的981","中共领导人保健以150岁为目标 301医院广告疑泄密急下架"
"可播放","美前宗教自由大使推崇法轮功学员推动中国民众退出中共党团队","2025-11-22","https://www.youtube.com/embed/FszYb-pw9Ig?feature=oembed","美前宗教自由大使推崇法轮功学员推动中国民众退","美前宗教自由大使推崇法轮功学员推动中国民众退出中共党团队"
"可播放","维护中国人的尊严","2026-04-06","https://www.youtube.com/embed/tZV9vCtM7V0?feature=oembed","维护中国人的尊严","中國人的尊嚴為何一步步消失？真正傷害中國人的，不是中國人，而是黨文化｜破除黨文化#大妈团#仁川机场#亚洲航空#不文明旅游"
"可播放","美国密集起诉中共渗透案 海外华人应看清楚的警讯","2026-05-24","https://www.youtube.com/embed/FfREdW_TjjY?feature=oembed","美国密集起诉中共渗透案-海外华人应看清楚的警讯","美國中共商業諜案暴增1300%｜加州華裔市長王愛琳認罪｜美國加強審查中共背景｜黨員身份成入境、就業、移民風險｜三退證明有"
"可播放","积善之家必有余庆 积不善之家必有余殃","2026-04-01","https://www.youtube.com/embed/RCW6tC-0FmE?feature=oembed","积善之家、必有余庆；积不善之家，必有余殃","積善之家必有餘慶 積不善之家必有餘殃"
"可播放","宗教自由研究所会长：立即停止迫害法轮功","2026-09-27","https://www.youtube.com/embed/p3KxOES6nXQ?feature=oembed","宗教自由研究所会长：立即停止迫害法轮功","立刻終止活摘器官  迫害法輪功必須終結  宗教自由研究所"
"可播放","天要灭中共，自救有良方！退党中心介绍退党途径!（视频）","2020-07-28","https://www.youtube.com/embed/ZAAfO0045lI","天要灭中共，自救有良方！退党中心介绍退党途径","天要灭中共，自救有良方！退党中心介绍退党途径!"
"可播放","东欧官员吁建国际法庭 审判共产党（视频）","2015-08-25","https://www.youtube.com/embed/IXH4IwHr2xE?feature=oembed","东欧官员吁建国际法庭-审判共产党（视频）","【禁闻】东欧官员吁建国际法庭 审判共产党"
"可播放","从斯大林的女儿到中共的孙子们，从未中断的逃亡潮（视频）","2019-03-07","https://www.youtube.com/embed/8-jPfPD6hcM?feature=oembed","从斯大林的女儿到中共的孙子们，从未中断的逃亡","從斯大林的女兒到中共的孫子們，從未中斷的逃亡潮（歷史上的今天20190306第298期）"
"可播放","黑船事件——打开国门，日本国运从此改变（视频）","2019-03-05","https://www.youtube.com/embed/5XXXVyQL5Hk?feature=oembed","黑船事件-打开国门，日本国运从此改变（历史","黑船事件---打開國門，中日國運從此改變（歷史上的今天20190304第296期）"
"可播放","【江峰时刻 】霸权背后的悲悯与施舍：马歇尔计划与“一带一路”（视频）","2019-04-04","https://www.youtube.com/embed/uq6E-5h4Iks?feature=oembed","【江峰时刻-】霸权背后的悲悯与施舍：马歇尔计划","霸權背後的悲憫與施捨：馬歇爾計劃與“一帶一路”(歷史上的今天20190403第318期)"
"可播放","【江峰时刻 】中美南海撞机，王伟生死真相与中共预警机的横空出世（视频）","2019-04-02","https://www.youtube.com/embed/rXW78zhZFXw?feature=oembed","【江峰时刻-】中美南海撞机，王伟生死真相与中共","中美南海撞機，王偉生死真相與中共預警機的橫空出世（歷史上的今天 20190401第316期）"
"可播放","【江峰时刻 】发行量直逼《毛泽东选集》的红色经典《欧阳海之歌》和作者的命运（视频）","2019-03-20","https://www.youtube.com/embed/q4DeGxcwN_0?feature=oembed","【江峰时刻-】发行量直逼《毛泽东选集》的红色经","發行量直逼《毛澤東選集》的紅色經典《歐陽海之歌》和作者的命運（歷史上的今天20190319第307期）"
"可播放","历史上的今天，2月12日：三鹿破产——别人的苦难与我无关么?!（视频）","2019-02-12","https://www.youtube.com/embed/fdE_2UANjEo?feature=oembed","历史上的今天，2月12日：三鹿破产-别人的苦难","三鹿破產---別人的苦難與我無關嗎？从毒奶粉到毒疫苗(歷史上的今天20190212第282期)"
"可播放","【江峰时刻】镇反运动——可怕的按比例杀人（视频）","2019-03-27","https://www.youtube.com/embed/X0w6KdZhU9g?feature=oembed","【江峰时刻】镇反运动-可怕的按比例杀人（视","從《約法八章》的基本不殺到鎮反的按比例殺人，從當年的專殺國民黨到今天統戰國民黨 你還信他吗？（歷史上的今天2019032"
"可播放","【江峰时刻】中情局训练的本拉登终于被中情局定位 击毙本拉登还有其他版本么？（视频）","2019-05-08","https://www.youtube.com/embed/ZKyw38SmoI0?feature=oembed","【江峰时刻】中情局训练的本拉登终于被中情局定","中情局訓練的本拉登 終於被中情局定位； 擊斃本拉登還有其他版本麼？（歷史上的今天20190501第338期）"
"可播放","【江峰时刻】美国第一公民 他用一生形成了美国性格—本杰明· 富兰克林（视频）","2019-04-18","https://www.youtube.com/embed/osJuG87ShK8?feature=oembed","美国第一公民-他用一生形成了美国性格-本杰明·","富蘭克林||美國第一公民 他用一生形成了美國性格(歷史上的今天20190417第328期)更新版"
"可播放","美国或禁中共党员和家属入境 「退党」成热搜（视频）","2020-08-17","https://www.youtube.com/embed/DKpeArAC8JU?feature=oembed","美国或禁中共党员和家属入境-「退党」成热搜（视","美國或禁中共黨員和家屬入境 「退黨」成熱搜"
"可播放","田云：党员不再为党卖命 中共红船加速下沉（视频）","2020-08-23","https://www.youtube.com/embed/kXUyn8q8tyU?feature=oembed","田云：党员不再为党卖命-中共红船加速下沉（视频","【#大紀元獨家】憂心中國會回到文革時期！前中國黑龍江省雞西市副市長李傳良，真名退出共產黨｜#環球新聞"
"可播放","三退一亿二千三百万（2012年9月5日）（视频）","2012-09-06","https://www.youtube.com/embed/_VRzRwoakSA?feature=oembed","三退一亿二千三百万（2012年9月5日）（视频）","三退一亿二千三百万(2012年9月5日)"
"可播放","美前驻华大使回忆让邓小平大为光火的一件事（视频）","2014-05-23","https://www.youtube.com/embed/86cU4pVaQJA?feature=oembed","美前驻华大使回忆让邓小平大为光火的一件事（视","美前駐華大使回憶讓鄧小平大為光火的一件事"
"可播放","历史上的今天，1月28日：邓小平访美——改革开放的本质（视频）","2019-01-28","https://www.youtube.com/embed/i5lH3lkT3QI?feature=oembed","历史上的今天，1月28日：邓小平访美-改革开放","鄧小平訪美--到底谁是改革开放總設計師（歷史上的今天20190128第271期）"
"可播放","新的人生正在兑现（二）（视频）","2008-02-06","https://www.youtube.com/embed/-Y_sjJdVgD8?feature=oembed","新的人生正在兑现（二）（视频）","新的人生正在兑现[二集](2/3)"
"可播放","一代奇人戴笠因飞机失事遇难","2015-03-18","https://www.youtube.com/embed/NoczTqJaFNs?feature=oembed","一代奇人戴笠因飞机失事遇难（图文）","意志堅忍  忠貞為國- 戴笠將軍"
"可播放","香港景点大陆游客三退踊跃（图文）","2015-04-26","https://www.youtube.com/embed/8oDWIhFD-Uw?feature=oembed","香港景点大陆游客三退踊跃（图文）","大陸客香港法輪功真相點踴躍退出中共"
"可播放","前特工曝中共内幕 西方情报机构决心反击","2024-05-16","https://www.youtube.com/embed/STq7LNwa3Gs?feature=oembed","前特工曝中共内幕-西方情报机构决心反击","Secret Chinese spying operations in Australia revealed | Fou"
"可播放","湖北烟草公司下岗工人声明脱离共产（视频）","2011-08-04","https://www.youtube.com/embed/bXfcpuvwu9o?feature=oembed","湖北烟草公司下岗工人声明脱离共产（视频）","湖北煙草公司下崗工人 聲明退黨"
"可播放","中共迫害法轮功 犯下种族灭绝罪","2021-07-31","https://www.youtube.com/embed/PGCsZSA0Cz8?feature=oembed","中共迫害法轮功-犯下种族灭绝罪","法轮功反迫害22周年  华盛顿DC游行完整版---2021年7月16日"
"可播放","遇EndCCP车队 德州人祷告：愿中国人有自由","2021-10-14","https://www.youtube.com/embed/WNIQyXPSl-c?feature=oembed","遇endccp车队-德州人街头祷告：愿中国人有自由","在德州圣安东尼奥，女子遇到End CCP横跨美国车队，接过传单，当即在路上低头为中国人祈祷：希望中国人拥有自由。在德州首"
"可播放","东西方历史的惊人巧合与不同民族的共同记忆——泥土造人、大洪水与神的归来（视频）","2019-04-07","https://www.youtube.com/embed/SLymghiK6Hk?feature=oembed","东西方历史的惊人巧合与不同民族的共同记忆","东西方歷史的驚人巧合與不同民族的共同記憶——泥土造人、大洪水與神的歸來（史海揚帆第1集 20190406）天亮時分"
"已删除或设为私有","不存在的恐怖袭击 中共灭亡序幕（视频）","2014-05-05","https://www.youtube.com/embed/tYRteUe7ENQ?feature=oembed","不存在的恐怖袭击-中共灭亡序幕（视频）","tYRteUe7ENQ"
"已删除或设为私有","江泽民回扬州 记者发现一个奇怪现象（视频）","2014-06-13","https://www.youtube.com/embed/_qb8Qnb_Emk?feature=oembed","江泽民回扬州-记者发现一个奇怪现象（视频）","_qb8Qnb_Emk"
"已删除或设为私有","三中全会 湛江村长赴港诉冤公开退党（视频）","2013-11-10","https://www.youtube.com/embed/JPgNKbHG7hA?feature=oembed","三中全会-湛江村长赴港诉冤公开退党（视频）","JPgNKbHG7hA"
"已删除或设为私有","休斯顿声援大陆民众三退 望早日解体中共（视频）","2013-11-25","https://www.youtube.com/embed/_0FqPdIXFhY?feature=oembed","休斯顿声援大陆民众三退-望早日解体中共（视频）","_0FqPdIXFhY"
"已删除或设为私有","周永康案最新进展 政治含义耐寻味（视频）","2014-04-01","https://www.youtube.com/embed/qmRxO9tW4c0?feature=oembed","周永康案最新进展-政治含义耐寻味（视频）","qmRxO9tW4c0"
"已删除或设为私有","国界线11段变9段 菲律宾何告中国（视频）","2014-04-03","https://www.youtube.com/embed/q0TBuDWqYWg?feature=oembed","国界线11段变9段-菲律宾何告中国（视频）","q0TBuDWqYWg"
"已删除或设为私有","宋林腐败被揭 温家宝亲批 动不了（视频）","2014-04-18","https://www.youtube.com/embed/bXA-Bxpe72k?feature=oembed","宋林腐败被揭-温家宝亲批-动不了（视频）","bXA-Bxpe72k"
"已删除或设为私有","四川富商刘汉兄弟一审被判死刑（视频）","2014-05-23","https://www.youtube.com/embed/KKSjvAfDZzE?feature=oembed","四川富商刘汉兄弟一审被判死刑（视频）","KKSjvAfDZzE"
"已删除或设为私有","警告勿提周永康 揭两会新闻死因（视频）","2014-03-15","https://www.youtube.com/embed/f9N_5wTsnGk?feature=oembed","警告勿提周永康-揭两会新闻死因（视频）","f9N_5wTsnGk"
"已删除或设为私有","查宋林 两天免职 矛头直指背后靠山（视频）","2014-04-22","https://www.youtube.com/embed/EGFkyRoisls?feature=oembed","查宋林-两天免职-矛头直指背后靠山（视频）　","EGFkyRoisls"
"已删除或设为私有","七一成退党日 1亿7千万人弃中共 （视频）","2014-07-02","https://www.youtube.com/embed/WVdsPNQfcYI?feature=oembed","七一成退党日-1亿7千万人弃中共-（视频）","WVdsPNQfcYI"
"已删除或设为私有","七七事变77周年 中共欲掀抗日历史 （视频）","2014-07-09","https://www.youtube.com/embed/cDe4yunt_oA?feature=oembed","七七事变77周年-中共欲掀抗日历史-（视频）","cDe4yunt_oA"
"已删除或设为私有","港媒曝周薄政变内幕细节（视频）","2015-01-14","https://www.youtube.com/embed/y47WEMNGiOI?feature=oembed","港媒曝周薄政变内幕细节（视频）","y47WEMNGiOI"
"已删除或设为私有","曾庆红侄女卷入周案被调查（视频）","2014-08-01","https://www.youtube.com/embed/Y6geKSehsiA?feature=oembed","曾庆红侄女卷入周案被调查（视频）","Y6geKSehsiA"
"已删除或设为私有","毛泽东死忌闹出另一儿子〝毛岸红〞（视频）","2014-09-15","https://www.youtube.com/embed/0llOi2MdPoY?feature=oembed","毛泽东死忌闹出另一儿子〝毛岸红〞（视频）","0llOi2MdPoY"
"已删除或设为私有","中俄庆二战胜利 抗日主权再起争议（视频）","2015-02-10","https://www.youtube.com/embed/2LfXSYQh43Y?feature=oembed","中俄庆二战胜利-抗日主权再起争议（视频）","2LfXSYQh43Y"
"已删除或设为私有","中共吁日正视历史 遭质问：你呢？（视频）","2015-04-09","https://www.youtube.com/embed/Ehml8TpzZCQ?feature=oembed","中共吁日正视历史-遭质问：你呢？（视频）","Ehml8TpzZCQ"
"已删除或设为私有","七一全球退党日 人心巨变势难挡（视频）","2015-07-02","https://www.youtube.com/embed/evPqs8R7Rac?feature=oembed","七一全球退党日-人心巨变势难挡（视频）","evPqs8R7Rac"
"已删除或设为私有","七一前现集体退党 中共基建成笑话（视频）","2015-07-02","https://www.youtube.com/embed/j0_rU6J5Zvc?feature=oembed","七一前现集体退党-中共基建成笑话（视频）","j0_rU6J5Zvc"
"已删除或设为私有","抗日名将张灵甫之争 引中共忧心（视频）","2015-01-30","https://www.youtube.com/embed/B5rcezqV3i0?feature=oembed","抗日名将张灵甫之争-引中共忧心（视频）","B5rcezqV3i0"
"已删除或设为私有","郝柏村出新书 还原抗战史实（视频）","2015-07-06","https://www.youtube.com/embed/zNlRXeaXIKE?feature=oembed","郝柏村出新书-还原抗战史实（视频）","zNlRXeaXIKE"
"已删除或设为私有","苏共饥荒饿死数百万人 乌克兰追思（视频）","2015-12-01","https://www.youtube.com/embed/A-XT17gmdDk?feature=oembed","苏共饥荒饿死数百万人-乌克兰追思（视频）","A-XT17gmdDk"
"已删除或设为私有","【抗日真相系列报导之终篇】国共战争的真实内幕（视频）","2015-09-05","https://www.youtube.com/embed/Dmrlg6oLnUM?feature=oembed","【抗日真相系列报导之终篇】国共战争的真实内幕","Dmrlg6oLnUM"
"已删除或设为私有","获奥奖提名 《凛冬烈火》遭中共屏蔽（视频）","2016-03-08","https://www.youtube.com/embed/9PE5c16oktY?feature=oembed","获奥奖提名-《凛冬烈火》遭中共屏蔽（视频）","9PE5c16oktY"
"已删除或设为私有","《罪行摘要》 记录文革迫害农民事实（视频）","2016-08-23","https://www.youtube.com/embed/bwR_ZrUtx_A?feature=oembed","《罪行摘要》-记录文革迫害农民事实（视频）","bwR_ZrUtx_A"
"已删除或设为私有","红军长征实为大逃亡 中共官媒露出证据（视频）","2016-10-05","https://www.youtube.com/embed/PjfyvpQ22Y0?feature=oembed","红军长征实为大逃亡-中共官媒露出证据（视频）","PjfyvpQ22Y0"
"已删除或设为私有","中共官媒说漏嘴 长征实为逃亡（视频）","2016-10-04","https://www.youtube.com/embed/lMi0SeLxf5s?feature=oembed","中共官媒说漏嘴-长征实为逃亡（视频）","lMi0SeLxf5s"
"已删除或设为私有","【2018加州十大新闻】贺三亿人三退 真相长城传递真相（视频）","2018-12-29","https://www.youtube.com/embed/K1OKgFB5nf8?feature=oembed","贺三亿人三退-真相长城传递真相（视频）","K1OKgFB5nf8"
"已删除或设为私有","千万大陆客新年涌香港 三退成风潮（视频）","2014-01-01","https://www.youtube.com/embed/JyRMTdY_GAE?feature=oembed","千万大陆客新年涌香港-三退成风潮（视频）","JyRMTdY_GAE"
"已删除或设为私有","曾庆红情况吃紧 家族房产再引〝侧目〞（视频）","2014-06-21","https://www.youtube.com/embed/T5kI25jkQWM?feature=oembed","曾庆红情况吃紧-家族房产再引〝侧目〞（视频）","T5kI25jkQWM"
"已删除或设为私有","民愿显天意 三退日破10万创新高（视频）","2014-04-07","https://www.youtube.com/embed/bm2E5wxl84g?feature=oembed","民愿显天意-三退日破10万创新高（视频）","bm2E5wxl84g"
"已删除或设为私有","党媒叹历史相似：〝凿船党〞未止（视频）","2016-01-02","https://www.youtube.com/embed/S_wTEjM0Wec?feature=oembed","党媒叹历史相似：〝凿船党〞未止（视频）","S_wTEjM0Wec"
"已删除或设为私有","芮成钢被抓 董卿跑路？（视频）","2014-07-15","https://www.youtube.com/embed/3Rfpwv75TEw?feature=oembed","芮成钢被抓-董卿跑路？（视频）","3Rfpwv75TEw"
"已删除或设为私有","【抗日真相系列报导之三】抗战中的共军（下）（视频）","2015-09-04","https://www.youtube.com/embed/uqD0YAnq3Is?feature=oembed","【抗日真相系列报导之三】抗战中的共军（下）（","uqD0YAnq3Is"
"已删除或设为私有","美使馆谈〝退党〞 引大陆网友对比（视频）","2016-02-27","https://www.youtube.com/embed/maVqM_d9xvQ?feature=oembed","美使馆谈〝退党〞-引大陆网友对比（视频）","maVqM_d9xvQ"
"已删除或设为私有","共产主义不是出路而是绝路（视频）","2017-07-01","https://www.youtube.com/embed/gwP2eZFwF0Q?feature=oembed","共产主义不是出路而是绝路（视频）","gwP2eZFwF0Q"
"已删除或设为私有","〝狼牙山五壮士〞案终审 政治判决？（视频）","2016-08-20","https://www.youtube.com/embed/fz3MJDYLtOg?feature=oembed","〝狼牙山五壮士〞案终审-政治判决？（视频）","fz3MJDYLtOg"
"已删除或设为私有","《何日君再来》与刘雪庵的坎坷命运（视频）","2018-08-10","https://www.youtube.com/embed/vNza8sc3onk?feature=oembed","《何日君再来》与刘雪庵（图文）","vNza8sc3onk"
"已删除或设为私有","波兰前反共人士成为国家英雄（视频）","2018-12-15","https://www.youtube.com/embed/rgCXLzMf-Q8?feature=oembed","波兰前反共人士成为国家英雄（视频）","rgCXLzMf-Q8"
"已删除或设为私有","台湾军官洩密 竟还入共产党（视频）","2013-01-06","https://www.youtube.com/embed/SLGu5w2o7W8?feature=oembed","台湾军官洩密-竟还入共产党（视频）","SLGu5w2o7W8"
"已删除或设为私有","习近平〝打虎〞新焦点 1分钟2高官落马（视频）","2014-06-21","https://www.youtube.com/embed/0PeEwu84psE?feature=oembed","习近平〝打虎〞新焦点-1分钟2高官落马（视频）","0PeEwu84psE"
"已删除或设为私有","北京6月下冰雹 民众惊醒选三退（视频）","2013-06-13","https://www.youtube.com/embed/VN_pInig7vQ?feature=oembed","北京6月下冰雹-民众惊醒选三退（视频）","VN_pInig7vQ"
"已删除或设为私有","徐文立：中共背负反人类罪 必清算（视频）","2013-08-15","https://www.youtube.com/embed/-GkPwJpwcMo?feature=oembed","徐文立：中共背负反人类罪-必清算（视频）","-GkPwJpwcMo"
"已删除或设为私有","港洗钱百亿女潜回大陆 徐才厚掩护？（视频）","2014-07-01","https://www.youtube.com/embed/iNsnG9657FM?feature=oembed","港洗钱百亿女潜回大陆-徐才厚掩护？（视频）","iNsnG9657FM"
"已删除或设为私有","披露重大历史真相 纪录片《欺世伪火》获观众强烈反响（视频）","2019-08-14","https://www.youtube.com/embed/sL_KuogH6F8?feature=oembed","披露重大历史真相-纪录片《欺世伪火》获观众强-2","sL_KuogH6F8"
"已删除或设为私有","遭中共悬赏20万通缉 藏僧亲述逃亡经历（视频）","2014-05-30","https://www.youtube.com/embed/ohneFWGIOzE?feature=oembed","遭中共悬赏20万通缉-藏僧亲述逃亡经历（视频）","ohneFWGIOzE"
"已删除或设为私有","徐才厚招了 与郭伯雄建攻守同盟（视频）","2014-09-02","https://www.youtube.com/embed/Oh7eaZ2Pldo?feature=oembed","徐才厚招了-与郭伯雄建攻守同盟（视频）","Oh7eaZ2Pldo"
"已删除或设为私有","朝鲜脱北者 北京公开抨击中共（视频）","2016-03-29","https://www.youtube.com/embed/KQlCPmUX1fY?feature=oembed","朝鲜脱北者-北京公开抨击中共（视频）","KQlCPmUX1fY"
"已删除或设为私有","日本学者出书披露 毛泽东勾结日军（视频）","2016-06-24","https://www.youtube.com/embed/ZCbnKe53Rnw?feature=oembed","日本学者出书披露-毛泽东勾结日军（视频）","ZCbnKe53Rnw"
"已删除或设为私有","那些参与天安门自焚伪案的人今何在（视频）","2019-01-25","https://www.youtube.com/embed/sL_KuogH6F8?feature=oembed","那些参与天安门自焚伪案的人今何在（视频）","sL_KuogH6F8"
"已删除或设为私有","【 江峰时刻】艾森豪威尔——美国抵御共产主义全球扩张第一人（视频）","2019-03-29","https://www.youtube.com/embed/nXjm_uOvjEA?feature=oembed","【-江峰时刻】艾森豪威尔-美国抵御共产主义全","nXjm_uOvjEA"
"已删除或设为私有","【珍言真语】黄伟国：腐化亲共 梵蒂冈将付代价（视频）","2020-10-02","https://www.youtube.com/embed/VBMj5sF1qDo?feature=oembed","【珍言真语】黄伟国：腐化亲共-梵蒂冈将付代价（","VBMj5sF1qDo"
"已删除或设为私有","周永康案把习近平逼得没有退路（视频）","2014-04-06","https://www.youtube.com/embed/xoXtdVBMs9Q?feature=oembed","周永康案把习近平逼得没有退路（视频）　","xoXtdVBMs9Q"
"已删除或设为私有","徐才厚倒台 军方表态 泄军政现状（视频）","2014-07-04","https://www.youtube.com/embed/shCNQv3yo88?feature=oembed","徐才厚倒台-军方表态-泄军政现状（视频）","shCNQv3yo88"
"已删除或设为私有","周永康亲信未查完 洩中共内斗态势（视频）","2014-06-03","https://www.youtube.com/embed/5e6GsgKPi4U?feature=oembed","周永康亲信未查完-洩中共内斗态势（视频）","5e6GsgKPi4U"
"已删除或设为私有","中共为何高调纪念抗战爆发77周年 （视频）","2014-07-07","https://www.youtube.com/embed/ouj-BfSQQxw?feature=oembed","中共为何高调纪念抗战爆发77周年-（视频）","ouj-BfSQQxw"
"已删除或设为私有","军头徐才厚落马 北京沸水煮〝面〞？（视频）","2014-07-01","https://www.youtube.com/embed/yNXumufSGps?feature=oembed","军头徐才厚落马-北京沸水煮〝面〞？（视频）","yNXumufSGps"
"已删除或设为私有","赵紫阳、王震 藉《河殇》激烈权斗（视频）","2014-05-23","https://www.youtube.com/embed/aOZZBen6GGo?feature=oembed","赵紫阳、王震-藉《河殇》激烈权斗（视频）","aOZZBen6GGo"
"已删除或设为私有","党媒大报刘汉案 打虎号角吹起？（视频）","2014-05-24","https://www.youtube.com/embed/TgE1gBGqcZg?feature=oembed","党媒大报刘汉案-打虎号角吹起？（视频）","TgE1gBGqcZg"
"已删除或设为私有","莫斯科展览揭恐怖大清洗 含华人（视频）","2014-11-03","https://www.youtube.com/embed/ZO2X-Fp_Hl0?feature=oembed","莫斯科展览揭恐怖大清洗-含华人（视频）","ZO2X-Fp_Hl0"
"已删除或设为私有","《邓小平》篡改历史和谐前后30年（视频）","2014-08-11","https://www.youtube.com/embed/RpZJXuVFIbc?feature=oembed","《邓小平》篡改历史和谐前后30年（视频）","RpZJXuVFIbc"
"已删除或设为私有","〝国家公祭〞揭开尘封的历史（视频）","2014-12-15","https://www.youtube.com/embed/J1wVCmWsT-I?feature=oembed","〝国家公祭〞揭开尘封的历史（视频）","J1wVCmWsT-I"
"已删除或设为私有","中共死撑俄罗斯 出卖领土不手软（视频）","2014-12-22","https://www.youtube.com/embed/rC_ykKB4724?feature=oembed","中共死撑俄罗斯-出卖领土不手软（视频）","rC_ykKB4724"
"已删除或设为私有","乌克兰拟禁共产主义 评：清算来临（视频）","2015-04-03","https://www.youtube.com/embed/T4q_c4-uWOw?feature=oembed","乌克兰拟禁共产主义-评：清算来临（视频）","T4q_c4-uWOw"
"已删除或设为私有","两会期间 一女中共党员声明退党（视频）","2015-03-10","https://www.youtube.com/embed/rkh5VIYUXDE?feature=oembed","两会期间-一女中共党员声明退党（视频）","rkh5VIYUXDE"
"已删除或设为私有","炎黄春秋: 江泽民大秘与王守业勾结（视频）","2015-01-15","https://www.youtube.com/embed/zSo87tfpGp4?feature=oembed","炎黄春秋-江泽民大秘与王守业勾结（视频）","zSo87tfpGp4"
"已删除或设为私有","蒋介石变毛泽东 《开罗宣言》改历史（视频）","2015-08-17","https://www.youtube.com/embed/upiht9jcAWY?feature=oembed","蒋介石变毛泽东-《开罗宣言》改历史（视频）","upiht9jcAWY"
"已删除或设为私有","中共邀台老兵 争夺历史话语权？（视频）","2015-06-27","https://www.youtube.com/embed/Z0gJ_mzzhh0?feature=oembed","中共邀台老兵-争夺历史话语权？（视频）","Z0gJ_mzzhh0"
"已删除或设为私有","记录片《冲天》 呈现抗日战争事实（视频）","2015-08-20","https://www.youtube.com/embed/l0d8NyqTmjo?feature=oembed","记录片《冲天》-呈现抗日战争事实（视频）","l0d8NyqTmjo"
"已删除或设为私有","一句话推倒柏林墙 东德大功臣病逝（视频）","2015-11-03","https://www.youtube.com/embed/k9f79-nour4?feature=oembed","一句话推倒柏林墙-东德大功臣病逝（视频）","k9f79-nour4"
"已删除或设为私有","《开罗宣言》海报毛换蒋 谁在玩弄历史？（视频）","2015-08-23","https://www.youtube.com/embed/HYyv3qW7ygI?feature=oembed","《开罗宣言》海报毛换蒋-谁在玩弄历史？（视频）","HYyv3qW7ygI"
"已删除或设为私有","德总统上海大学演讲 批共产主义（视频）","2016-03-25","https://www.youtube.com/embed/q0uj3dH15-U?feature=oembed","德总统上海大学演讲-批共产主义（视频）","q0uj3dH15-U"
"已删除或设为私有","仲维光：中共垮台 不能坐等要行动（视频）","2016-03-04","https://www.youtube.com/embed/1L2JWVjpw7E?feature=oembed","仲维光：中共垮台-不能坐等要行动（视频）","1L2JWVjpw7E"
"已删除或设为私有","破共产教条 方励之重回美媒视线（视频）","2016-04-01","https://www.youtube.com/embed/VW9XrMXtI3Q?feature=oembed","破共产教条-方励之重回美媒视线（视频）","VW9XrMXtI3Q"
"已删除或设为私有","联共引祸端 印尼研讨当年大清洗（视频）","2016-05-17","https://www.youtube.com/embed/JD63ZCpdpFc?feature=oembed","联共引祸端-印尼研讨当年大清洗（视频）","JD63ZCpdpFc"
"已删除或设为私有","中共纪念馆在俄开幕 自揭卖国老底（视频）","2016-07-04","https://www.youtube.com/embed/2Ub0IWUShAI?feature=oembed","中共纪念馆在俄开幕-自揭卖国老底（视频）","2Ub0IWUShAI"
"已删除或设为私有","毛泽东勾结日军真相 被日本学者出书（视频）","2016-09-23","https://www.youtube.com/embed/ur2fxU_6tyc?feature=oembed","毛泽东勾结日军真相-被日本学者出书（视频）","ur2fxU_6tyc"
"已删除或设为私有","俄女议员：列宁毛泽东是〝嗜血恶魔〞（视频）","2016-11-10","https://www.youtube.com/embed/LITBppvcTV4?feature=oembed","俄女议员：列宁毛泽东是〝嗜血恶魔〞（视频）","LITBppvcTV4"
"已删除或设为私有","血色禁史：红兵弑母 〝狼孩〞痛悔（视频）","2017-03-26","https://www.youtube.com/embed/6dQpcOlJSCw?feature=oembed","血色禁史：红兵弑母-〝狼孩〞痛悔（视频）","6dQpcOlJSCw"
"已删除或设为私有","学者：《中华民国宪法》适用于中国（视频）","2016-11-30","https://www.youtube.com/embed/3pEtN7ymuQI?feature=oembed","学者：《中华民国宪法》适用于中国（视频）","3pEtN7ymuQI"
"已删除或设为私有","杀1/5人口 红色高棉两头目 被判种族灭绝罪（视频）","2018-11-17","https://www.youtube.com/embed/fT0vQ2DOEHE?feature=oembed","杀1-5人口-红色高棉两头目-被判种族灭绝罪（视频）","fT0vQ2DOEHE"
"已删除或设为私有","18年前的“天安门自焚”疑点与真相揭秘（视频）","2019-01-24","https://www.youtube.com/embed/fW6qQ4lDKIE?feature=oembed","18年前的天安门自焚疑点与真相揭秘（视频）","fW6qQ4lDKIE"
"已删除或设为私有","历史上的今天，1月23日：朝鲜战争志愿军被遣返战俘的两种命运（视频）","2019-01-23","https://www.youtube.com/embed/ES8rWpkvE3M?feature=oembed","历史上的今天，1月23日：朝鲜战争志愿军被遣返战","ES8rWpkvE3M"
"已删除或设为私有","人民币穿新装 国人劝习近平退党（视频）","2013-10-03","https://www.youtube.com/embed/3IY-hMN7KSs?feature=oembed","人民币穿新装-国人劝习近平退党（视频）","3IY-hMN7KSs"
"已删除或设为私有","洛城民众声援三退 民众退党表支持（视频）","2013-07-15","https://www.youtube.com/embed/FBm6Pm83jmw?feature=oembed","洛城民众声援三退-民众退党表支持（视频）","FBm6Pm83jmw"
"已删除或设为私有","周滨被捕供出周永康 骇人罪行曝光（视频）","2014-08-06","https://www.youtube.com/embed/YPxPW8OleEE?feature=oembed","周滨被捕供出周永康-骇人罪行曝光（视频）","YPxPW8OleEE"
"已删除或设为私有","谁是三峡腐败案背后的〝老老虎〞（视频）","2014-04-05","https://www.youtube.com/embed/NfIyK2bOhV0?feature=oembed","谁是三峡腐败案背后的〝老老虎〞（视频）","NfIyK2bOhV0"
"已删除或设为私有","揭中石油招标黑箱 周案还在收紧（视频）","2014-07-05","https://www.youtube.com/embed/muzx6wYbo7c?feature=oembed","揭中石油招标黑箱-周案还在收紧（视频）","muzx6wYbo7c"
"已删除或设为私有","南加侨界纪念七七事变 辛灏年演讲（视频）","2014-07-08","https://www.youtube.com/embed/LX1Quh760JU?feature=oembed","南加侨界纪念七七事变-辛灏年演讲（视频）","LX1Quh760JU"
"已删除或设为私有","台湾颁抗战纪念章 抗战后代称赞（视频）","2015-06-12","https://www.youtube.com/embed/3bSpItDM3Zs?feature=oembed","台湾颁抗战纪念章-抗战后代称赞（视频）","3bSpItDM3Zs"
"已删除或设为私有","防火墙外对共产党的颠覆性印象（视频）","2016-08-04","https://www.youtube.com/embed/qEVMn5o8yrc?feature=oembed","防火墙外对共产党的颠覆性印象（视频）","qEVMn5o8yrc"
"已删除或设为私有","十一国殇日前3.4亿人退出中共 亚洲主流声援（视频）","2019-10-01","https://www.youtube.com/embed/Wu5ZiMVKW6Y?feature=oembed","十一国殇日前3-4亿人退出中共-亚洲主流声援（视频","Wu5ZiMVKW6Y"
"已删除或设为私有","【今日热点】秘密档案击垮苏联 历史或重演（视频）","2019-11-12","https://www.youtube.com/embed/Ejw8nlvWSV0?feature=oembed","【今日热点】秘密档案击垮苏联-历史或重演（图文","Ejw8nlvWSV0"
"已删除或设为私有","曹顺利遭虐死 律师促查死因真相（视频）","2014-03-21","https://www.youtube.com/embed/4n48adwlyPQ?feature=oembed","曹顺利遭虐死-律师促查死因真相（视频）","4n48adwlyPQ"
"已删除或设为私有","【江峰时刻】朝鲜战争真的是一场“错误的战争”么？麦克阿瑟打击中共的计划曝光（视频）","2019-04-06","https://www.youtube.com/embed/7sPOpl7fY7w?feature=oembed","朝鲜战争真的是一场错误的战争么？麦克阿瑟","7sPOpl7fY7w"
"已删除或设为私有","重现红色高棉暴力 柬埔寨表演警示当下（视频）","2019-05-21","https://www.youtube.com/embed/8b-D6PULMJQ?feature=oembed","重现红色高棉暴力-柬埔寨表演警示当下（视频）","8b-D6PULMJQ"
"已删除或设为私有","纪念五四 北京对学生运动今非昔比（视频）","2014-05-06","https://www.youtube.com/embed/Wc3ZZBXBXYE?feature=oembed","纪念五四-北京对学生运动今非昔比（视频）","Wc3ZZBXBXYE"
"已删除或设为私有","反制文革的台湾〝文化复兴〞（视频）","2016-05-21","https://www.youtube.com/embed/FM1mFy9SpMw?feature=oembed","反制文革的台湾〝文化复兴〞（视频）","FM1mFy9SpMw"
"已删除或设为私有","美媒爆中共秘送〝夜莺岛〞始末（视频）","2016-10-24","https://www.youtube.com/embed/H73_5us150s?feature=oembed","美媒爆中共秘送〝夜莺岛〞始末（视频）","H73_5us150s"
"已删除或设为私有","袁红冰专栏：50年前“红八月” 遇罗克挑战暴政血统论（视频）","2016-07-28","https://www.youtube.com/embed/N-seWLcp5-s?feature=oembed","袁红冰专栏：50年前红八月-遇罗克挑战暴政血","N-seWLcp5-s"
"已删除或设为私有","乌克兰媒体报江泽民杀人史及三退（视频）","2014-12-24","https://www.youtube.com/embed/uQZGiBHoo3U?feature=oembed","乌克兰媒体报江泽民杀人史及三退（视频）","uQZGiBHoo3U"
"已删除或设为私有","【抗日真相系列报导之二】抗战中的国军（视频）","2015-09-02","https://www.youtube.com/embed/6CQ1Fpjz7Pc?feature=oembed","【抗日真相系列报导之二】抗战中的国军（视频）","6CQ1Fpjz7Pc"
"已删除或设为私有","【抗日真相系列报导之一】被诬衊的蒋介石（上）（视频）","2015-08-28","https://www.youtube.com/embed/bRf3Ne-NNzc?feature=oembed","【抗日真相系列报导之一】被诬衊的蒋介石（上）","bRf3Ne-NNzc"
"已删除或设为私有","俄修改教材 删除侵占中国领土 中方沉默（视频）","2018-12-15","https://www.youtube.com/embed/flrXcCGzOmU?feature=oembed","俄修改教材-删除侵占中国领土-中方沉默（视频）","flrXcCGzOmU"
"已删除或设为私有","中共自爆派1500特务赴台 死亡过千（视频）","2014-05-30","https://www.youtube.com/embed/AR-EGrbgU8M?feature=oembed","中共自爆派1500特务赴台-死亡过千（视频）","AR-EGrbgU8M"
"已删除或设为私有","前大内总管落马 令计划黑幕曝光（视频）","2014-12-23","https://www.youtube.com/embed/ScNlTS4tD_w?feature=oembed","前大内总管落马-令计划黑幕曝光（视频）","ScNlTS4tD_w"
"已删除或设为私有","涉周滨案？陕西政协副主席祝作利被双开（视频）","2014-08-07","https://www.youtube.com/embed/otb5izqmIF0?feature=oembed","涉周滨案？陕西政协副主席祝作利被双开（视频）","otb5izqmIF0"
"已删除或设为私有","天堂地狱之差：朝鲜战争中的遣返志愿军战俘（视频）","2020-02-09","https://www.youtube.com/embed/ES8rWpkvE3M?feature=oembed","天堂地狱之差：朝鲜战争中的遣返志愿军战俘（图","ES8rWpkvE3M"
"干净世界（未检查）","相信这无法相信的事","2026-02-07","https://www.ganjingworld.com/embed/1g53h3qeukc7nVjtIfhh0YI3C19i1c","相信这无法相信的事","https://www.ganjingworld.com/embed/1g53h3qeukc7nVjtIfhh0YI3C19i1c"
"未知 HTTP 403","关贵敏揭中南海不为人知的内幕（视频）","2014-06-11","https://www.youtube.com/embed/srB9QRBNA9U?feature=oembed","关贵敏揭中南海不为人知的内幕（视频）","srB9QRBNA9U"
"未知 HTTP 403","聘中共高官子女 传摩根高层拟转污点证人（视频）","2014-05-25","https://www.youtube.com/embed/tl0Hm5c8XfE?feature=oembed","聘中共高官子女-传摩根高层拟转污点证人（视频）","tl0Hm5c8XfE"
"未知 HTTP 403","加总理：共产主义是致命思想瘟疫（视频）","2014-06-01","https://www.youtube.com/embed/j1Ctoj-QWeo?feature=oembed","加总理：共产主义是致命思想瘟疫（视频）","j1Ctoj-QWeo"
"未知 HTTP 403","今天你退了吗（视频）","2014-08-07","https://www.youtube.com/embed/OglgfDojhKc?feature=oembed","今天你退了吗（视频）","OglgfDojhKc"
"未知 HTTP 403","退党潮在香港 广州访民公开退党（视频）","2014-07-11","https://www.youtube.com/embed/U5xz1vvCeq4?feature=oembed","退党潮在香港-广州访民公开退党（视频）","U5xz1vvCeq4"
"未知 HTTP 403","历史上的今天 大跃进的惨痛回忆（视频）","2015-08-18","https://www.youtube.com/embed/5ibkbMW8yeA?feature=oembed","历史上的今天-大跃进的惨痛回忆（视频）","5ibkbMW8yeA"
"未知 HTTP 403","欧盟政要：退党改变中国 找回尊严（视频）","2015-11-21","https://www.youtube.com/embed/6piGUlhgyak?feature=oembed","欧盟政要：退党改变中国-找回尊严（视频）","6piGUlhgyak"
"未知 HTTP 403","日学者证实重大史实：共军勾结日军 打击国军（视频）","2015-12-27","https://www.youtube.com/embed/nvOCxbqQF9Y?feature=oembed","日学者证实重大史实：共军勾结日军-打击国军","nvOCxbqQF9Y"
"未知 HTTP 403","前间谍逃至美国 揭帮中共偷飞机内幕（视频）","2016-06-30","https://www.youtube.com/embed/8fLXeJ67kss?feature=oembed","前间谍逃至美国-揭帮中共偷飞机内幕（视频）","8fLXeJ67kss"
"未知 HTTP 403","缅怀历史 纽约侨胞纪念台湾光复71周年（视频）","2016-10-26","https://www.youtube.com/embed/W9hWzyp3eTw?feature=oembed","缅怀历史-纽约侨胞纪念台湾光复71周年（视频）","W9hWzyp3eTw"
"未知 HTTP 403","柏林墙推倒29年后 德国意外发现一段墙体（视频）","2018-08-19","https://www.youtube.com/embed/wDUtEW2fJxk?feature=oembed","柏林墙推倒29年后-德国意外发现一段墙体（视频）","wDUtEW2fJxk"
"未知 HTTP 403","杜鲁门-里根自由奖得主：退党大潮影响巨大（视频）","2018-11-17","https://www.youtube.com/embed/WK2SNvCzQvY?feature=oembed","杜鲁门-里根自由奖得主：退党大潮影响巨大（视频","WK2SNvCzQvY"
"未知 HTTP 403","【江峰时刻】最抠门儿的首富保罗·盖蒂（视频）","2019-06-06","https://www.youtube.com/embed/7tc9ZaKzdO0?feature=oembed","【江峰时刻】最抠门儿的首富保罗·盖蒂（视频）","7tc9ZaKzdO0"
"未知 HTTP 403","两万西路军丧命 大批女兵被奸杀——不可告人的历史：西路军惨败真相（上）（视频）","2019-03-23","https://www.youtube.com/embed/HWS7542dQv0?feature=oembed","两万西路军丧命-大批女兵被奸杀-不可告人的历","HWS7542dQv0"
"未知 HTTP 403","【江峰时刻】八九六四续篇——黄雀行动（视频）","2019-06-05","https://www.youtube.com/embed/FwCNuHLnXlU?feature=oembed","【江峰时刻】八九六四续篇-黄雀行动（视频）","FwCNuHLnXlU"
"未知 HTTP 403","【江峰时刻】这里代表最高特权—中共301总医院与美国筹建的协和医院的渊源（视频）","2019-04-23","https://www.youtube.com/embed/wjzdvO7XN-g?feature=oembed","【江峰时刻】这里代表最高特权-中共301总医院与","wjzdvO7XN-g"
"未知 HTTP 403","老黑：对于抗日战争的黑历史 有些醒脑真相必须让大家知道！（视频）","2019-08-15","https://www.youtube.com/embed/OfKow7CO-e0?feature=oembed","老黑：对于抗日战争的黑历史-有些醒脑真相必须让","OfKow7CO-e0"
"未知 HTTP 403","纪念共产主义受难者 法轮功之友华府献花（视频）","2016-06-11","https://www.youtube.com/embed/hmEjWyGb9PY?feature=oembed","纪念共产主义受难者-法轮功之友华府献花（视频）","hmEjWyGb9PY"
"未知 HTTP 403","柏林墙倒三十年 美历史学者谈历史启示（视频）","2019-11-09","https://www.youtube.com/embed/Ij4pqzCPrUk?feature=oembed","柏林墙倒三十年-美历史学者谈历史启示（视频）","Ij4pqzCPrUk"
"未知 HTTP 403","纪念韩战68周年 韩国将找回士兵遗骸（视频）","2018-06-26","https://www.youtube.com/embed/kxAwJRWFcfI?feature=oembed","纪念韩战68周年-韩国将找回士兵遗骸（视频）","kxAwJRWFcfI"
"未知 HTTP 403","七一首现吁弃共产邪教横幅 陆客明真相（视频）","2018-07-03","https://www.youtube.com/embed/J7ikZG0bB5k?feature=oembed","七一首现吁弃共产邪教横幅-陆客明真相（视频）","J7ikZG0bB5k"
"未知 HTTP 403","洛城真相长城声援三退1亿7千万（视频）","2014-07-13","https://www.youtube.com/embed/c4Ql-KGRMlY?feature=oembed","洛城真相长城声援三退1亿7千万（视频）","c4Ql-KGRMlY"
"未知 HTTP 403","文革错案未了 法裔华人替亲人伸冤（视频）","2016-09-24","https://www.youtube.com/embed/D5Vok6vX-KM?feature=oembed","文革错案未了-法裔华人替亲人伸冤（视频）","D5Vok6vX-KM"
"未知 HTTP 403","蓬佩奥：纽约中领馆是间谍窝 或抓更多外交官（视频）","2020-09-26","https://www.youtube.com/embed/ixrCmSYLovc?feature=oembed","蓬佩奥：纽约中领馆是间谍窝-或抓更多外交官（视","ixrCmSYLovc"
"未知 HTTP 403","乌克兰去共化 街道改名 拉倒上千列宁像（视频）","2016-07-22","https://www.youtube.com/embed/WgjRzMeXEng?feature=oembed","乌克兰去共化-街道改名-拉倒上千列宁像（视频）","WgjRzMeXEng"
"未知 HTTP 403","日退百人 港法轮功学员见证退党潮（视频）","2014-07-16","https://www.youtube.com/embed/uwp2rcSLyRc?feature=oembed","日退百人-港法轮功学员见证退党潮（视频）","uwp2rcSLyRc"
"未知 HTTP 403","江派媒体《环时》说出高智晟被捕原因（视频）","2014-08-11","https://www.youtube.com/embed/KVQ8Owu03_Q?feature=oembed","江派媒体《环时》说出高智晟被捕原因（视频）","KVQ8Owu03_Q"
"未知 HTTP 403","维权无望 中共原38军军人公开退党（视频）","2014-12-15","https://www.youtube.com/embed/_jbhYhTVspI?feature=oembed","维权无望-中共原38军军人公开退党（视频）","_jbhYhTVspI"
"未知 HTTP 403","多市真相长城庆三退超1.8亿（视频）","2014-11-25","https://www.youtube.com/embed/HGp2IgKGwrA?feature=oembed","多市真相长城庆三退超1-8亿（视频）","HGp2IgKGwrA"
"未知 HTTP 403","罗马尼亚纪念齐氏政权倒台25周年（视频）","2014-12-22","https://www.youtube.com/embed/soEtppVQEOc?feature=oembed","罗马尼亚纪念齐氏政权倒台25周年（视频）","soEtppVQEOc"
"未知 HTTP 403","八年抗战谁打的？史学者一句话打脸中共（视频）","2015-08-29","https://www.youtube.com/embed/d9M_P1smi_o?feature=oembed","八年抗战谁打的？史学者一句话打脸中共（视频）","d9M_P1smi_o"
"未知 HTTP 403","新书〝冷战简史〞警示共产专制威胁尤存（视频）","2016-03-10","https://www.youtube.com/embed/omLLw8Ziw8k?feature=oembed","新书〝冷战简史〞警示共产专制威胁尤存（视频）","omLLw8Ziw8k"
"未知 HTTP 403","〝文革〞五十周年图片展 反思历史（视频）","2016-05-15","https://www.youtube.com/embed/UZz5oUTEo0o?feature=oembed","〝文革〞五十周年图片展-反思历史（视频）","UZz5oUTEo0o"
"未知 HTTP 403","日本学者新书 披露毛泽东勾结日军真相（视频）","2016-09-21","https://www.youtube.com/embed/oxD8PMxdt2U?feature=oembed","日本学者新书-披露毛泽东勾结日军真相（视频）","oxD8PMxdt2U"
"未知 HTTP 403","【江峰时刻】玛雅考古名家莫利的间谍生涯（视频）","2019-06-12","https://www.youtube.com/embed/p5mLdDJfaB0?feature=oembed","【江峰时刻】玛雅考古名家莫利的间谍生涯（视频","p5mLdDJfaB0"
"未知 HTTP 403","亲睹中共杀人 史明与港议员对谈港台抗共（视频）","2015-03-01","https://www.youtube.com/embed/SPwUi9KRFAY?feature=oembed","亲睹中共杀人-史明与港议员对谈港台抗共（视频）","SPwUi9KRFAY"
"未知 HTTP 403","法院全面禁止共产党 乌克兰〝迟到的正义〞（视频）","2015-12-18","https://www.youtube.com/embed/Zx1m4f8RHfY?feature=oembed","法院全面禁止共产党-乌克兰〝迟到的正义〞（视频","Zx1m4f8RHfY"
"未知 HTTP 403","辛灏年：中共没有资格纪念孙中山（视频）","2016-10-04","https://www.youtube.com/embed/RuhQLCi3npw?feature=oembed","辛灏年：中共没有资格纪念孙中山（视频）","RuhQLCi3npw"
"未知 HTTP 403","纪念推倒柏林墙 亲历者回忆逃命过程（视频）","2019-11-10","https://www.youtube.com/embed/1kIfyX_pITM?feature=oembed","纪念推倒柏林墙-亲历者回忆逃命过程（视频）","1kIfyX_pITM"
"未知 HTTP 403","勿忘历史 乌克兰悼念二战灭绝屠杀（视频）","2016-10-01","https://www.youtube.com/embed/TcYHgkPv4fE?feature=oembed","勿忘历史-乌克兰悼念二战灭绝屠杀（视频）","TcYHgkPv4fE"
"未知 HTTP 403","文革造反派头子聂元梓去世 曾欲偷渡香港（视频）","2019-08-29","https://www.youtube.com/embed/jO16zDgLgDY?feature=oembed","文革造反派头子聂元梓去世-曾欲偷渡香港（视频）","jO16zDgLgDY"
"未知 HTTP 403","韩资深媒体人 要求习近平对韩战道歉（视频）","2014-07-04","https://www.youtube.com/embed/O8KwJiJYQw0?feature=oembed","韩资深媒体人-要求习近平对韩战道歉（视频）","O8KwJiJYQw0"
"未知 HTTP 403","华裔男隐瞒党员身份被起诉 退党才能来美（视频）","2016-01-20","https://www.youtube.com/embed/ynWH-n5cBEI?feature=oembed","华裔男隐瞒党员身份被起诉-退党才能来美（视频）","ynWH-n5cBEI"
"未知 HTTP 403","乌克兰第一夫人 授课讲述大饥荒（视频）","2015-12-04","https://www.youtube.com/embed/nJUsQ6d6A20?feature=oembed","乌克兰第一夫人-授课讲述大饥荒（视频）","nJUsQ6d6A20"
"未知 HTTP 403","西方学者发表文革新著 揭中共历史罪恶（视频）","2016-04-28","https://www.youtube.com/embed/V6gioZ5pJlQ?feature=oembed","西方学者发表文革新著-揭中共历史罪恶（视频）","V6gioZ5pJlQ"
"未知 HTTP 403","文革五十周年 大纽约研讨 吁当局以史为鉴（视频）","2016-05-18","https://www.youtube.com/embed/-ejgOTS5w3A?feature=oembed","文革五十周年-大纽约研讨-吁当局以史为鉴（视频）","-ejgOTS5w3A"
"未知 HTTP 403","出版《蒋经国传》 陆媒报导民主政改（视频）","2016-01-15","https://www.youtube.com/embed/S3JNhJI4Qec?feature=oembed","出版《蒋经国传》-陆媒报导民主政改（视频）","S3JNhJI4Qec"
"未知 HTTP 403","柏林墙倒塌30年 时空旅行带你回到东柏林（视频）","2019-08-23","https://www.youtube.com/embed/gmiWzMN3zOY?feature=oembed","柏林墙倒塌30年-时空旅行带你回到东柏林（视频）","gmiWzMN3zOY"
"未知 HTTP 403","解散党组织 乌档案馆长谈东欧经验（视频）","2015-11-24","https://www.youtube.com/embed/8B5ku8JU7Qk?feature=oembed","解散党组织-乌档案馆长谈东欧经验（视频）","8B5ku8JU7Qk"
"未知 HTTP 403","华府“黑蝙蝠”特展 纪念中华民国空军英烈（视频）","2019-08-17","https://www.youtube.com/embed/lX3Rr1JJz18?feature=oembed","华府黑蝙蝠特展-纪念中华民国空军英烈（视频","lX3Rr1JJz18"
"没有地址","景點用基本真相廣播","2026-04-30","","景點用基本真相廣播",""