"序号","标题","体积MB","时长","发布日期","分类","当前文件地址","文件名","站内slug","新地址(填好发我)"
"1","《四亿人的觉醒》近期将在新唐人电视台连续播放","351","2:28","2023-10-31","三退前线","https://www.tuidang.org/wp-content/uploads/2023/10/yugaopian.mp4","yugaopian.mp4","《四亿人的觉醒》近期将在新唐人电视台连续播放",""
"2","【退党洪流】第十六期 避疫有良方欧美亚抗共","305","36:04","2023-02-10","三退前线","https://www.tuidang.org/wp-content/uploads/2023/02/tdhl16.mp4","tdhl16.mp4","【退党洪流】第十六期-避疫有良方欧美亚抗共",""
"3","【三退大潮】退党义工：海外华人要清醒 勿做中共帮凶","254","2:35","2023-03-04","三退前线","https://www.tuidang.org/wp-content/uploads/2023/02/David-Fang.mp4","David-Fang.mp4","【三退大潮】退党义工：海外华人要清醒-勿做中共",""
"4","纽约纪念4‧25集会 社区领袖：法拉盛不会容忍迫害","252","3:30","2023-05-09","三退前线","https://www.tuidang.org/wp-content/uploads/2023/05/20230423Martha-yanjiang.mp4","20230423Martha-yanjiang.mp4","纽约纪念4‧25集会-社区领袖：法拉盛不会容忍迫害",""
"5","宋颜杰：自己还有一颗正直的心 今天就三退","236","10:23","2023-05-23","三退前线","https://www.tuidang.org/wp-content/uploads/2023/05/20230512songyanjie.mp4","20230512songyanjie.mp4","宋颜杰：自己还有一颗正直的心-今天就三退",""
"6","纽约法轮功反迫害游行 侨民：他们是真爱国者","192","4:20","2023-07-16","三退前线","https://www.tuidang.org/wp-content/uploads/2023/09/20200715dsfzyouxing.mp4","20200715dsfzyouxing.mp4","纽约法轮功反迫害游行-侨民：他们是真爱国者",""
"7","【三退大潮】纽约逾千退党义工游行 声援大陆民众三退","156","12:55","2023-03-05","三退前线","https://www.tuidang.org/wp-content/uploads/2023/03/20230226-720p.mp4","20230226-720p.mp4","【三退大潮】纽约逾千退党义工在布鲁克林游行",""
"8","赵慧子：君子不立于危墙之下 远离中共","143","4:16","2023-04-30","三退前线","https://www.tuidang.org/wp-content/uploads/2023/04/20230423集會-趙慧子採訪.mp4","20230423集會-趙慧子採訪.mp4","赵慧子：君子不立于危墙之下-远离中共",""
"9","郭雷：正义之士必须退出邪恶的中共组织","142","4:45","2023-04-30","三退前线","https://www.tuidang.org/wp-content/uploads/2023/04/20230423集會-郭雷採訪.mp4","20230423集會-郭雷採訪.mp4","郭雷：正义之士必须退出邪恶的中共组织",""
"10","李宗民：中共是非法组织 十多年前就已三退","135","5:57","2023-05-23","三退前线","https://www.tuidang.org/wp-content/uploads/2023/05/20230513lizongmin.mp4","20230513lizongmin.mp4","李宗民：中共是非法组织，十多年前就已三退",""
"11","宫凯：共产党不铲除 中国没有未来","134","6:00","2024-11-11","三退前线","https://www.tuidang.org/wp-content/uploads/2024/11/gongkaicf.mp4","gongkaicf.mp4","宫凯：共产党不铲除-中国没有未来",""
"12","【三退大潮】蔡桂华：让中国人获得自由（四）","130","19:52","2023-01-08","三退前线","https://www.tuidang.org/wp-content/uploads/2023/01/caiguihua4.mp4","caiguihua4.mp4","【三退大潮】蔡桂华：让中国人获得自由（四）",""
"13","2023年法拉盛华人新年遊行 退党服务中心传递重要信息：三退保平安","117","9:43","2023-03-07","三退前线","https://www.tuidang.org/wp-content/uploads/2023/03/20230122-720p.mp4","20230122-720p.mp4","2023年法拉盛华人新年遊行-退党服务中心传递重要信",""
"14","李军：中国民众，你三退了吗？","110","3:43","2023-04-30","三退前线","https://www.tuidang.org/wp-content/uploads/2023/04/20230423集會-李軍採訪.mp4","20230423集會-李軍採訪.mp4","李军：中国民众，你三退了吗？",""
"15","【退党洪流】美国战略转移剑指中共 三退抹毒誓成当务之急","103","32:15","2021-10-31","三退前线","https://www.tuidang.org/wp-content/uploads/2022/11/tuidanghongliu9.mp4","tuidanghongliu9.mp4","【退党洪流】美国战略转移剑指中共-三退抹毒誓成",""
"16","王珊珊：没有共产党 才有更好的新中国","87","2:56","2023-04-30","三退前线","https://www.tuidang.org/wp-content/uploads/2023/04/20230423集會-王姍姍採訪.mp4","20230423集會-王姍姍採訪.mp4","王珊珊：没有共产党-才有更好的新中国",""
"17","周锋锁：加入过中共相关组织的人有义务从中脱离","85","2:52","2023-04-30","三退前线","https://www.tuidang.org/wp-content/uploads/2023/04/20230423集會-周峰鎖採訪.mp4","20230423集會-周峰鎖採訪.mp4","周峰锁：加入过中共相关组织的人有义务与之决裂",""
"18","纽约民众放鞭炮庆祝恶贯满盈的江泽民死亡","79","3:55","2022-12-03","三退前线","https://www.tuidang.org/wp-content/uploads/2022/12/IMG_9175.mp4","IMG_9175.mp4","纽约民众放鞭炮庆祝恶贯满盈的江泽民死亡",""
"19","梁丰收：逃离中共 必须三退","70","3:09","2023-05-23","三退前线","https://www.tuidang.org/wp-content/uploads/2023/05/20230512ilangfengshou.mp4","20230512ilangfengshou.mp4","梁丰收：逃离中共-必须三退",""