原因,标题,发布日期,地址,slug,YouTube原话
"已设为私有","关贵敏揭中南海不为人知的内幕（视频）","2014-06-11","https://www.youtube.com/embed/srB9QRBNA9U?feature=oembed","关贵敏揭中南海不为人知的内幕（视频）","Private video"
"已设为私有","乌克兰去共化 街道改名 拉倒上千列宁像（视频）","2016-07-22","https://www.youtube.com/embed/WgjRzMeXEng?feature=oembed","乌克兰去共化-街道改名-拉倒上千列宁像（视频）","Private video"
"已设为私有","聘中共高官子女 传摩根高层拟转污点证人（视频）","2014-05-25","https://www.youtube.com/embed/tl0Hm5c8XfE?feature=oembed","聘中共高官子女-传摩根高层拟转污点证人（视频）","Private video"
"已设为私有","今天你退了吗（视频）","2014-08-07","https://www.youtube.com/embed/OglgfDojhKc?feature=oembed","今天你退了吗（视频）","Private video"
"已设为私有","加总理：共产主义是致命思想瘟疫（视频）","2014-06-01","https://www.youtube.com/embed/j1Ctoj-QWeo?feature=oembed","加总理：共产主义是致命思想瘟疫（视频）","Private video"
"已设为私有","退党潮在香港 广州访民公开退党（视频）","2014-07-11","https://www.youtube.com/embed/U5xz1vvCeq4?feature=oembed","退党潮在香港-广州访民公开退党（视频）","Private video"
"已设为私有","日退百人 港法轮功学员见证退党潮（视频）","2014-07-16","https://www.youtube.com/embed/uwp2rcSLyRc?feature=oembed","日退百人-港法轮功学员见证退党潮（视频）","Private video"
"已设为私有","多市真相长城庆三退超1.8亿（视频）","2014-11-25","https://www.youtube.com/embed/HGp2IgKGwrA?feature=oembed","多市真相长城庆三退超1-8亿（视频）","Private video"
"已设为私有","维权无望 中共原38军军人公开退党（视频）","2014-12-15","https://www.youtube.com/embed/_jbhYhTVspI?feature=oembed","维权无望-中共原38军军人公开退党（视频）","Private video"
"已设为私有","罗马尼亚纪念齐氏政权倒台25周年（视频）","2014-12-22","https://www.youtube.com/embed/soEtppVQEOc?feature=oembed","罗马尼亚纪念齐氏政权倒台25周年（视频）","Private video"
"已设为私有","历史上的今天 大跃进的惨痛回忆（视频）","2015-08-18","https://www.youtube.com/embed/5ibkbMW8yeA?feature=oembed","历史上的今天-大跃进的惨痛回忆（视频）","Private video"
"已设为私有","八年抗战谁打的？史学者一句话打脸中共（视频）","2015-08-29","https://www.youtube.com/embed/d9M_P1smi_o?feature=oembed","八年抗战谁打的？史学者一句话打脸中共（视频）","Private video"
"已设为私有","解散党组织 乌档案馆长谈东欧经验（视频）","2015-11-24","https://www.youtube.com/embed/8B5ku8JU7Qk?feature=oembed","解散党组织-乌档案馆长谈东欧经验（视频）","Private video"
"已设为私有","日学者证实重大史实：共军勾结日军 打击国军（视频）","2015-12-27","https://www.youtube.com/embed/nvOCxbqQF9Y?feature=oembed","日学者证实重大史实：共军勾结日军-打击国军","Private video"
"已设为私有","〝文革〞五十周年图片展 反思历史（视频）","2016-05-15","https://www.youtube.com/embed/UZz5oUTEo0o?feature=oembed","〝文革〞五十周年图片展-反思历史（视频）","Private video"
"已设为私有","新书〝冷战简史〞警示共产专制威胁尤存（视频）","2016-03-10","https://www.youtube.com/embed/omLLw8Ziw8k?feature=oembed","新书〝冷战简史〞警示共产专制威胁尤存（视频）","Private video"
"已设为私有","日本学者新书 披露毛泽东勾结日军真相（视频）","2016-09-21","https://www.youtube.com/embed/oxD8PMxdt2U?feature=oembed","日本学者新书-披露毛泽东勾结日军真相（视频）","Private video"
"已设为私有","前间谍逃至美国 揭帮中共偷飞机内幕（视频）","2016-06-30","https://www.youtube.com/embed/8fLXeJ67kss?feature=oembed","前间谍逃至美国-揭帮中共偷飞机内幕（视频）","Private video"
"已设为私有","缅怀历史 纽约侨胞纪念台湾光复71周年（视频）","2016-10-26","https://www.youtube.com/embed/W9hWzyp3eTw?feature=oembed","缅怀历史-纽约侨胞纪念台湾光复71周年（视频）","Private video"
"已设为私有","柏林墙推倒29年后 德国意外发现一段墙体（视频）","2018-08-19","https://www.youtube.com/embed/wDUtEW2fJxk?feature=oembed","柏林墙推倒29年后-德国意外发现一段墙体（视频）","Private video"
"已设为私有","【江峰时刻】最抠门儿的首富保罗·盖蒂（视频）","2019-06-06","https://www.youtube.com/embed/7tc9ZaKzdO0?feature=oembed","【江峰时刻】最抠门儿的首富保罗·盖蒂（视频）","Private video"
"已设为私有","杜鲁门-里根自由奖得主：退党大潮影响巨大（视频）","2018-11-17","https://www.youtube.com/embed/WK2SNvCzQvY?feature=oembed","杜鲁门-里根自由奖得主：退党大潮影响巨大（视频","Private video"
"已设为私有","【江峰时刻】玛雅考古名家莫利的间谍生涯（视频）","2019-06-12","https://www.youtube.com/embed/p5mLdDJfaB0?feature=oembed","【江峰时刻】玛雅考古名家莫利的间谍生涯（视频","Private video"
"已设为私有","两万西路军丧命 大批女兵被奸杀——不可告人的历史：西路军惨败真相（上）（视频）","2019-03-23","https://www.youtube.com/embed/HWS7542dQv0?feature=oembed","两万西路军丧命-大批女兵被奸杀-不可告人的历","Private video"
"已设为私有","欧盟政要：退党改变中国 找回尊严（视频）","2015-11-21","https://www.youtube.com/embed/6piGUlhgyak?feature=oembed","欧盟政要：退党改变中国-找回尊严（视频）","Private video"
"已设为私有","【江峰时刻】这里代表最高特权—中共301总医院与美国筹建的协和医院的渊源（视频）","2019-04-23","https://www.youtube.com/embed/wjzdvO7XN-g?feature=oembed","【江峰时刻】这里代表最高特权-中共301总医院与","Private video"
"已设为私有","【江峰时刻】八九六四续篇——黄雀行动（视频）","2019-06-05","https://www.youtube.com/embed/FwCNuHLnXlU?feature=oembed","【江峰时刻】八九六四续篇-黄雀行动（视频）","Private video"
"已设为私有","法院全面禁止共产党 乌克兰〝迟到的正义〞（视频）","2015-12-18","https://www.youtube.com/embed/Zx1m4f8RHfY?feature=oembed","法院全面禁止共产党-乌克兰〝迟到的正义〞（视频","Private video"
"已设为私有","亲睹中共杀人 史明与港议员对谈港台抗共（视频）","2015-03-01","https://www.youtube.com/embed/SPwUi9KRFAY?feature=oembed","亲睹中共杀人-史明与港议员对谈港台抗共（视频）","Private video"
"已设为私有","老黑：对于抗日战争的黑历史 有些醒脑真相必须让大家知道！（视频）","2019-08-15","https://www.youtube.com/embed/OfKow7CO-e0?feature=oembed","老黑：对于抗日战争的黑历史-有些醒脑真相必须让","Private video"
"已设为私有","纪念共产主义受难者 法轮功之友华府献花（视频）","2016-06-11","https://www.youtube.com/embed/hmEjWyGb9PY?feature=oembed","纪念共产主义受难者-法轮功之友华府献花（视频）","Private video"
"已设为私有","华府“黑蝙蝠”特展 纪念中华民国空军英烈（视频）","2019-08-17","https://www.youtube.com/embed/lX3Rr1JJz18?feature=oembed","华府黑蝙蝠特展-纪念中华民国空军英烈（视频","Private video"
"已设为私有","辛灏年：中共没有资格纪念孙中山（视频）","2016-10-04","https://www.youtube.com/embed/RuhQLCi3npw?feature=oembed","辛灏年：中共没有资格纪念孙中山（视频）","Private video"
"已设为私有","纪念推倒柏林墙 亲历者回忆逃命过程（视频）","2019-11-10","https://www.youtube.com/embed/1kIfyX_pITM?feature=oembed","纪念推倒柏林墙-亲历者回忆逃命过程（视频）","Private video"
"已设为私有","勿忘历史 乌克兰悼念二战灭绝屠杀（视频）","2016-10-01","https://www.youtube.com/embed/TcYHgkPv4fE?feature=oembed","勿忘历史-乌克兰悼念二战灭绝屠杀（视频）","Private video"
"已设为私有","柏林墙倒三十年 美历史学者谈历史启示（视频）","2019-11-09","https://www.youtube.com/embed/Ij4pqzCPrUk?feature=oembed","柏林墙倒三十年-美历史学者谈历史启示（视频）","Private video"
"已设为私有","七一首现吁弃共产邪教横幅 陆客明真相（视频）","2018-07-03","https://www.youtube.com/embed/J7ikZG0bB5k?feature=oembed","七一首现吁弃共产邪教横幅-陆客明真相（视频）","Private video"
"已设为私有","纪念韩战68周年 韩国将找回士兵遗骸（视频）","2018-06-26","https://www.youtube.com/embed/kxAwJRWFcfI?feature=oembed","纪念韩战68周年-韩国将找回士兵遗骸（视频）","Private video"
"已设为私有","文革造反派头子聂元梓去世 曾欲偷渡香港（视频）","2019-08-29","https://www.youtube.com/embed/jO16zDgLgDY?feature=oembed","文革造反派头子聂元梓去世-曾欲偷渡香港（视频）","Private video"
"已设为私有","洛城真相长城声援三退1亿7千万（视频）","2014-07-13","https://www.youtube.com/embed/c4Ql-KGRMlY?feature=oembed","洛城真相长城声援三退1亿7千万（视频）","Private video"
"已设为私有","韩资深媒体人 要求习近平对韩战道歉（视频）","2014-07-04","https://www.youtube.com/embed/O8KwJiJYQw0?feature=oembed","韩资深媒体人-要求习近平对韩战道歉（视频）","Private video"
"已设为私有","华裔男隐瞒党员身份被起诉 退党才能来美（视频）","2016-01-20","https://www.youtube.com/embed/ynWH-n5cBEI?feature=oembed","华裔男隐瞒党员身份被起诉-退党才能来美（视频）","Private video"
"已设为私有","乌克兰第一夫人 授课讲述大饥荒（视频）","2015-12-04","https://www.youtube.com/embed/nJUsQ6d6A20?feature=oembed","乌克兰第一夫人-授课讲述大饥荒（视频）","Private video"
"已设为私有","西方学者发表文革新著 揭中共历史罪恶（视频）","2016-04-28","https://www.youtube.com/embed/V6gioZ5pJlQ?feature=oembed","西方学者发表文革新著-揭中共历史罪恶（视频）","Private video"
"已设为私有","文革五十周年 大纽约研讨 吁当局以史为鉴（视频）","2016-05-18","https://www.youtube.com/embed/-ejgOTS5w3A?feature=oembed","文革五十周年-大纽约研讨-吁当局以史为鉴（视频）","Private video"
"已设为私有","出版《蒋经国传》 陆媒报导民主政改（视频）","2016-01-15","https://www.youtube.com/embed/S3JNhJI4Qec?feature=oembed","出版《蒋经国传》-陆媒报导民主政改（视频）","Private video"
"已设为私有","文革错案未了 法裔华人替亲人伸冤（视频）","2016-09-24","https://www.youtube.com/embed/D5Vok6vX-KM?feature=oembed","文革错案未了-法裔华人替亲人伸冤（视频）","Private video"
"已设为私有","柏林墙倒塌30年 时空旅行带你回到东柏林（视频）","2019-08-23","https://www.youtube.com/embed/gmiWzMN3zOY?feature=oembed","柏林墙倒塌30年-时空旅行带你回到东柏林（视频）","Private video"
"已设为私有","蓬佩奥：纽约中领馆是间谍窝 或抓更多外交官（视频）","2020-09-26","https://www.youtube.com/embed/ixrCmSYLovc?feature=oembed","蓬佩奥：纽约中领馆是间谍窝-或抓更多外交官（视","Private video"
"影片不存在","不存在的恐怖袭击 中共灭亡序幕（视频）","2014-05-05","https://www.youtube.com/embed/tYRteUe7ENQ?feature=oembed","不存在的恐怖袭击-中共灭亡序幕（视频）","This video is unavailable"
"影片不存在","江泽民回扬州 记者发现一个奇怪现象（视频）","2014-06-13","https://www.youtube.com/embed/_qb8Qnb_Emk?feature=oembed","江泽民回扬州-记者发现一个奇怪现象（视频）","This video is unavailable"
"影片不存在","警告勿提周永康 揭两会新闻死因（视频）","2014-03-15","https://www.youtube.com/embed/f9N_5wTsnGk?feature=oembed","警告勿提周永康-揭两会新闻死因（视频）","This video is unavailable"
"影片不存在","国界线11段变9段 菲律宾何告中国（视频）","2014-04-03","https://www.youtube.com/embed/q0TBuDWqYWg?feature=oembed","国界线11段变9段-菲律宾何告中国（视频）","This video is unavailable"
"影片不存在","休斯顿声援大陆民众三退 望早日解体中共（视频）","2013-11-25","https://www.youtube.com/embed/_0FqPdIXFhY?feature=oembed","休斯顿声援大陆民众三退-望早日解体中共（视频）","This video is unavailable"
"影片不存在","周永康案把习近平逼得没有退路（视频）","2014-04-06","https://www.youtube.com/embed/xoXtdVBMs9Q?feature=oembed","周永康案把习近平逼得没有退路（视频）　","This video is unavailable"
"影片不存在","三中全会 湛江村长赴港诉冤公开退党（视频）","2013-11-10","https://www.youtube.com/embed/JPgNKbHG7hA?feature=oembed","三中全会-湛江村长赴港诉冤公开退党（视频）","This video is unavailable"
"影片不存在","查宋林 两天免职 矛头直指背后靠山（视频）","2014-04-22","https://www.youtube.com/embed/EGFkyRoisls?feature=oembed","查宋林-两天免职-矛头直指背后靠山（视频）　","This video is unavailable"
"影片不存在","宋林腐败被揭 温家宝亲批 动不了（视频）","2014-04-18","https://www.youtube.com/embed/bXA-Bxpe72k?feature=oembed","宋林腐败被揭-温家宝亲批-动不了（视频）","This video is unavailable"
"影片不存在","赵紫阳、王震 藉《河殇》激烈权斗（视频）","2014-05-23","https://www.youtube.com/embed/aOZZBen6GGo?feature=oembed","赵紫阳、王震-藉《河殇》激烈权斗（视频）","This video is unavailable"
"影片不存在","四川富商刘汉兄弟一审被判死刑（视频）","2014-05-23","https://www.youtube.com/embed/KKSjvAfDZzE?feature=oembed","四川富商刘汉兄弟一审被判死刑（视频）","This video is unavailable"
"影片不存在","党媒大报刘汉案 打虎号角吹起？（视频）","2014-05-24","https://www.youtube.com/embed/TgE1gBGqcZg?feature=oembed","党媒大报刘汉案-打虎号角吹起？（视频）","This video is unavailable"
"影片不存在","周永康案最新进展 政治含义耐寻味（视频）","2014-04-01","https://www.youtube.com/embed/qmRxO9tW4c0?feature=oembed","周永康案最新进展-政治含义耐寻味（视频）","This video is unavailable"
"影片不存在","周永康亲信未查完 洩中共内斗态势（视频）","2014-06-03","https://www.youtube.com/embed/5e6GsgKPi4U?feature=oembed","周永康亲信未查完-洩中共内斗态势（视频）","This video is unavailable"
"影片不存在","中共自爆派1500特务赴台 死亡过千（视频）","2014-05-30","https://www.youtube.com/embed/AR-EGrbgU8M?feature=oembed","中共自爆派1500特务赴台-死亡过千（视频）","This video is unavailable"
"影片不存在","军头徐才厚落马 北京沸水煮〝面〞？（视频）","2014-07-01","https://www.youtube.com/embed/yNXumufSGps?feature=oembed","军头徐才厚落马-北京沸水煮〝面〞？（视频）","This video is unavailable"
"影片不存在","七一成退党日 1亿7千万人弃中共 （视频）","2014-07-02","https://www.youtube.com/embed/WVdsPNQfcYI?feature=oembed","七一成退党日-1亿7千万人弃中共-（视频）","This video is unavailable"
"影片不存在","徐才厚倒台 军方表态 泄军政现状（视频）","2014-07-04","https://www.youtube.com/embed/shCNQv3yo88?feature=oembed","徐才厚倒台-军方表态-泄军政现状（视频）","This video is unavailable"
"影片不存在","中共为何高调纪念抗战爆发77周年 （视频）","2014-07-07","https://www.youtube.com/embed/ouj-BfSQQxw?feature=oembed","中共为何高调纪念抗战爆发77周年-（视频）","This video is unavailable"
"影片不存在","七七事变77周年 中共欲掀抗日历史 （视频）","2014-07-09","https://www.youtube.com/embed/cDe4yunt_oA?feature=oembed","七七事变77周年-中共欲掀抗日历史-（视频）","This video is unavailable"
"影片不存在","《邓小平》篡改历史和谐前后30年（视频）","2014-08-11","https://www.youtube.com/embed/RpZJXuVFIbc?feature=oembed","《邓小平》篡改历史和谐前后30年（视频）","This video is unavailable"
"影片不存在","莫斯科展览揭恐怖大清洗 含华人（视频）","2014-11-03","https://www.youtube.com/embed/ZO2X-Fp_Hl0?feature=oembed","莫斯科展览揭恐怖大清洗-含华人（视频）","This video is unavailable"
"影片不存在","江派媒体《环时》说出高智晟被捕原因（视频）","2014-08-11","https://www.youtube.com/embed/KVQ8Owu03_Q?feature=oembed","江派媒体《环时》说出高智晟被捕原因（视频）","This video is unavailable"
"影片不存在","曾庆红侄女卷入周案被调查（视频）","2014-08-01","https://www.youtube.com/embed/Y6geKSehsiA?feature=oembed","曾庆红侄女卷入周案被调查（视频）","This video is unavailable"
"影片不存在","毛泽东死忌闹出另一儿子〝毛岸红〞（视频）","2014-09-15","https://www.youtube.com/embed/0llOi2MdPoY?feature=oembed","毛泽东死忌闹出另一儿子〝毛岸红〞（视频）","This video is unavailable"
"影片不存在","〝国家公祭〞揭开尘封的历史（视频）","2014-12-15","https://www.youtube.com/embed/J1wVCmWsT-I?feature=oembed","〝国家公祭〞揭开尘封的历史（视频）","This video is unavailable"
"影片不存在","前大内总管落马 令计划黑幕曝光（视频）","2014-12-23","https://www.youtube.com/embed/ScNlTS4tD_w?feature=oembed","前大内总管落马-令计划黑幕曝光（视频）","This video is unavailable"
"影片不存在","中共死撑俄罗斯 出卖领土不手软（视频）","2014-12-22","https://www.youtube.com/embed/rC_ykKB4724?feature=oembed","中共死撑俄罗斯-出卖领土不手软（视频）","This video is unavailable"
"影片不存在","港媒曝周薄政变内幕细节（视频）","2015-01-14","https://www.youtube.com/embed/y47WEMNGiOI?feature=oembed","港媒曝周薄政变内幕细节（视频）","This video is unavailable"
"影片不存在","炎黄春秋: 江泽民大秘与王守业勾结（视频）","2015-01-15","https://www.youtube.com/embed/zSo87tfpGp4?feature=oembed","炎黄春秋-江泽民大秘与王守业勾结（视频）","This video is unavailable"
"影片不存在","两会期间 一女中共党员声明退党（视频）","2015-03-10","https://www.youtube.com/embed/rkh5VIYUXDE?feature=oembed","两会期间-一女中共党员声明退党（视频）","This video is unavailable"
"影片不存在","中俄庆二战胜利 抗日主权再起争议（视频）","2015-02-10","https://www.youtube.com/embed/2LfXSYQh43Y?feature=oembed","中俄庆二战胜利-抗日主权再起争议（视频）","This video is unavailable"
"影片不存在","乌克兰拟禁共产主义 评：清算来临（视频）","2015-04-03","https://www.youtube.com/embed/T4q_c4-uWOw?feature=oembed","乌克兰拟禁共产主义-评：清算来临（视频）","This video is unavailable"
"影片不存在","抗日名将张灵甫之争 引中共忧心（视频）","2015-01-30","https://www.youtube.com/embed/B5rcezqV3i0?feature=oembed","抗日名将张灵甫之争-引中共忧心（视频）","This video is unavailable"
"影片不存在","中共吁日正视历史 遭质问：你呢？（视频）","2015-04-09","https://www.youtube.com/embed/Ehml8TpzZCQ?feature=oembed","中共吁日正视历史-遭质问：你呢？（视频）","This video is unavailable"
"影片不存在","七一全球退党日 人心巨变势难挡（视频）","2015-07-02","https://www.youtube.com/embed/evPqs8R7Rac?feature=oembed","七一全球退党日-人心巨变势难挡（视频）","This video is unavailable"
"影片不存在","中共邀台老兵 争夺历史话语权？（视频）","2015-06-27","https://www.youtube.com/embed/Z0gJ_mzzhh0?feature=oembed","中共邀台老兵-争夺历史话语权？（视频）","This video is unavailable"
"影片不存在","七一前现集体退党 中共基建成笑话（视频）","2015-07-02","https://www.youtube.com/embed/j0_rU6J5Zvc?feature=oembed","七一前现集体退党-中共基建成笑话（视频）","This video is unavailable"
"影片不存在","郝柏村出新书 还原抗战史实（视频）","2015-07-06","https://www.youtube.com/embed/zNlRXeaXIKE?feature=oembed","郝柏村出新书-还原抗战史实（视频）","This video is unavailable"
"影片不存在","记录片《冲天》 呈现抗日战争事实（视频）","2015-08-20","https://www.youtube.com/embed/l0d8NyqTmjo?feature=oembed","记录片《冲天》-呈现抗日战争事实（视频）","This video is unavailable"
"影片不存在","蒋介石变毛泽东 《开罗宣言》改历史（视频）","2015-08-17","https://www.youtube.com/embed/upiht9jcAWY?feature=oembed","蒋介石变毛泽东-《开罗宣言》改历史（视频）","This video is unavailable"
"影片不存在","《开罗宣言》海报毛换蒋 谁在玩弄历史？（视频）","2015-08-23","https://www.youtube.com/embed/HYyv3qW7ygI?feature=oembed","《开罗宣言》海报毛换蒋-谁在玩弄历史？（视频）","This video is unavailable"
"影片不存在","一句话推倒柏林墙 东德大功臣病逝（视频）","2015-11-03","https://www.youtube.com/embed/k9f79-nour4?feature=oembed","一句话推倒柏林墙-东德大功臣病逝（视频）","This video is unavailable"
"影片不存在","【抗日真相系列报导之终篇】国共战争的真实内幕（视频）","2015-09-05","https://www.youtube.com/embed/Dmrlg6oLnUM?feature=oembed","【抗日真相系列报导之终篇】国共战争的真实内幕","This video is unavailable"
"影片不存在","苏共饥荒饿死数百万人 乌克兰追思（视频）","2015-12-01","https://www.youtube.com/embed/A-XT17gmdDk?feature=oembed","苏共饥荒饿死数百万人-乌克兰追思（视频）","This video is unavailable"
"影片不存在","获奥奖提名 《凛冬烈火》遭中共屏蔽（视频）","2016-03-08","https://www.youtube.com/embed/9PE5c16oktY?feature=oembed","获奥奖提名-《凛冬烈火》遭中共屏蔽（视频）","Video unavailable"
"影片不存在","仲维光：中共垮台 不能坐等要行动（视频）","2016-03-04","https://www.youtube.com/embed/1L2JWVjpw7E?feature=oembed","仲维光：中共垮台-不能坐等要行动（视频）","This video is unavailable"
"影片不存在","破共产教条 方励之重回美媒视线（视频）","2016-04-01","https://www.youtube.com/embed/VW9XrMXtI3Q?feature=oembed","破共产教条-方励之重回美媒视线（视频）","This video is unavailable"
"影片不存在","联共引祸端 印尼研讨当年大清洗（视频）","2016-05-17","https://www.youtube.com/embed/JD63ZCpdpFc?feature=oembed","联共引祸端-印尼研讨当年大清洗（视频）","This video is unavailable"
"影片不存在","德总统上海大学演讲 批共产主义（视频）","2016-03-25","https://www.youtube.com/embed/q0uj3dH15-U?feature=oembed","德总统上海大学演讲-批共产主义（视频）","This video is unavailable"
"影片不存在","中共纪念馆在俄开幕 自揭卖国老底（视频）","2016-07-04","https://www.youtube.com/embed/2Ub0IWUShAI?feature=oembed","中共纪念馆在俄开幕-自揭卖国老底（视频）","This video is unavailable"
"影片不存在","《罪行摘要》 记录文革迫害农民事实（视频）","2016-08-23","https://www.youtube.com/embed/bwR_ZrUtx_A?feature=oembed","《罪行摘要》-记录文革迫害农民事实（视频）","This video is unavailable"
"影片不存在","毛泽东勾结日军真相 被日本学者出书（视频）","2016-09-23","https://www.youtube.com/embed/ur2fxU_6tyc?feature=oembed","毛泽东勾结日军真相-被日本学者出书（视频）","This video is unavailable"
"影片不存在","俄女议员：列宁毛泽东是〝嗜血恶魔〞（视频）","2016-11-10","https://www.youtube.com/embed/LITBppvcTV4?feature=oembed","俄女议员：列宁毛泽东是〝嗜血恶魔〞（视频）","This video is unavailable"
"影片不存在","红军长征实为大逃亡 中共官媒露出证据（视频）","2016-10-05","https://www.youtube.com/embed/PjfyvpQ22Y0?feature=oembed","红军长征实为大逃亡-中共官媒露出证据（视频）","This video is unavailable"
"影片不存在","中共官媒说漏嘴 长征实为逃亡（视频）","2016-10-04","https://www.youtube.com/embed/lMi0SeLxf5s?feature=oembed","中共官媒说漏嘴-长征实为逃亡（视频）","This video is unavailable"
"影片不存在","学者：《中华民国宪法》适用于中国（视频）","2016-11-30","https://www.youtube.com/embed/3pEtN7ymuQI?feature=oembed","学者：《中华民国宪法》适用于中国（视频）","This video is unavailable"
"影片不存在","杀1/5人口 红色高棉两头目 被判种族灭绝罪（视频）","2018-11-17","https://www.youtube.com/embed/fT0vQ2DOEHE?feature=oembed","杀1-5人口-红色高棉两头目-被判种族灭绝罪（视频）","Video unavailable"
"影片不存在","血色禁史：红兵弑母 〝狼孩〞痛悔（视频）","2017-03-26","https://www.youtube.com/embed/6dQpcOlJSCw?feature=oembed","血色禁史：红兵弑母-〝狼孩〞痛悔（视频）","This video is unavailable"
"影片不存在","【2018加州十大新闻】贺三亿人三退 真相长城传递真相（视频）","2018-12-29","https://www.youtube.com/embed/K1OKgFB5nf8?feature=oembed","贺三亿人三退-真相长城传递真相（视频）","Video unavailable"
"影片不存在","18年前的“天安门自焚”疑点与真相揭秘（视频）","2019-01-24","https://www.youtube.com/embed/fW6qQ4lDKIE?feature=oembed","18年前的天安门自焚疑点与真相揭秘（视频）","Video unavailable"
"影片不存在","历史上的今天，1月23日：朝鲜战争志愿军被遣返战俘的两种命运（视频）","2019-01-23","https://www.youtube.com/embed/ES8rWpkvE3M?feature=oembed","历史上的今天，1月23日：朝鲜战争志愿军被遣返战","This video is unavailable"
"影片不存在","洛城民众声援三退 民众退党表支持（视频）","2013-07-15","https://www.youtube.com/embed/FBm6Pm83jmw?feature=oembed","洛城民众声援三退-民众退党表支持（视频）","This video is unavailable"
"影片不存在","千万大陆客新年涌香港 三退成风潮（视频）","2014-01-01","https://www.youtube.com/embed/JyRMTdY_GAE?feature=oembed","千万大陆客新年涌香港-三退成风潮（视频）","This video is unavailable"
"影片不存在","谁是三峡腐败案背后的〝老老虎〞（视频）","2014-04-05","https://www.youtube.com/embed/NfIyK2bOhV0?feature=oembed","谁是三峡腐败案背后的〝老老虎〞（视频）","This video is unavailable"
"影片不存在","民愿显天意 三退日破10万创新高（视频）","2014-04-07","https://www.youtube.com/embed/bm2E5wxl84g?feature=oembed","民愿显天意-三退日破10万创新高（视频）","This video is unavailable"
"影片不存在","芮成钢被抓 董卿跑路？（视频）","2014-07-15","https://www.youtube.com/embed/3Rfpwv75TEw?feature=oembed","芮成钢被抓-董卿跑路？（视频）","This video is unavailable"
"影片不存在","曾庆红情况吃紧 家族房产再引〝侧目〞（视频）","2014-06-21","https://www.youtube.com/embed/T5kI25jkQWM?feature=oembed","曾庆红情况吃紧-家族房产再引〝侧目〞（视频）","This video is unavailable"
"影片不存在","周滨被捕供出周永康 骇人罪行曝光（视频）","2014-08-06","https://www.youtube.com/embed/YPxPW8OleEE?feature=oembed","周滨被捕供出周永康-骇人罪行曝光（视频）","This video is unavailable"
"影片不存在","揭中石油招标黑箱 周案还在收紧（视频）","2014-07-05","https://www.youtube.com/embed/muzx6wYbo7c?feature=oembed","揭中石油招标黑箱-周案还在收紧（视频）","This video is unavailable"
"影片不存在","南加侨界纪念七七事变 辛灏年演讲（视频）","2014-07-08","https://www.youtube.com/embed/LX1Quh760JU?feature=oembed","南加侨界纪念七七事变-辛灏年演讲（视频）","This video is unavailable"
"影片不存在","美使馆谈〝退党〞 引大陆网友对比（视频）","2016-02-27","https://www.youtube.com/embed/maVqM_d9xvQ?feature=oembed","美使馆谈〝退党〞-引大陆网友对比（视频）","This video is unavailable"
"影片不存在","党媒叹历史相似：〝凿船党〞未止（视频）","2016-01-02","https://www.youtube.com/embed/S_wTEjM0Wec?feature=oembed","党媒叹历史相似：〝凿船党〞未止（视频）","This video is unavailable"
"影片不存在","台湾颁抗战纪念章 抗战后代称赞（视频）","2015-06-12","https://www.youtube.com/embed/3bSpItDM3Zs?feature=oembed","台湾颁抗战纪念章-抗战后代称赞（视频）","This video is unavailable"
"影片不存在","【抗日真相系列报导之三】抗战中的共军（下）（视频）","2015-09-04","https://www.youtube.com/embed/uqD0YAnq3Is?feature=oembed","【抗日真相系列报导之三】抗战中的共军（下）（","This video is unavailable"
"影片不存在","人民币穿新装 国人劝习近平退党（视频）","2013-10-03","https://www.youtube.com/embed/3IY-hMN7KSs?feature=oembed","人民币穿新装-国人劝习近平退党（视频）","This video is unavailable"
"影片不存在","十一国殇日前3.4亿人退出中共 亚洲主流声援（视频）","2019-10-01","https://www.youtube.com/embed/Wu5ZiMVKW6Y?feature=oembed","十一国殇日前3-4亿人退出中共-亚洲主流声援（视频","This video is unavailable"
"影片不存在","共产主义不是出路而是绝路（视频）","2017-07-01","https://www.youtube.com/embed/gwP2eZFwF0Q?feature=oembed","共产主义不是出路而是绝路（视频）","This video is unavailable"
"影片不存在","【今日热点】秘密档案击垮苏联 历史或重演（视频）","2019-11-12","https://www.youtube.com/embed/Ejw8nlvWSV0?feature=oembed","【今日热点】秘密档案击垮苏联-历史或重演（图文","This video is unavailable"
"影片不存在","防火墙外对共产党的颠覆性印象（视频）","2016-08-04","https://www.youtube.com/embed/qEVMn5o8yrc?feature=oembed","防火墙外对共产党的颠覆性印象（视频）","This video is unavailable"
"影片不存在","〝狼牙山五壮士〞案终审 政治判决？（视频）","2016-08-20","https://www.youtube.com/embed/fz3MJDYLtOg?feature=oembed","〝狼牙山五壮士〞案终审-政治判决？（视频）","This video is unavailable"
"影片不存在","波兰前反共人士成为国家英雄（视频）","2018-12-15","https://www.youtube.com/embed/rgCXLzMf-Q8?feature=oembed","波兰前反共人士成为国家英雄（视频）","This video is unavailable"
"影片不存在","台湾军官洩密 竟还入共产党（视频）","2013-01-06","https://www.youtube.com/embed/SLGu5w2o7W8?feature=oembed","台湾军官洩密-竟还入共产党（视频）","This video is unavailable"
"影片不存在","曹顺利遭虐死 律师促查死因真相（视频）","2014-03-21","https://www.youtube.com/embed/4n48adwlyPQ?feature=oembed","曹顺利遭虐死-律师促查死因真相（视频）","This video is unavailable"
"影片不存在","《何日君再来》与刘雪庵的坎坷命运（视频）","2018-08-10","https://www.youtube.com/embed/vNza8sc3onk?feature=oembed","《何日君再来》与刘雪庵（图文）","This video is unavailable"
"影片不存在","习近平〝打虎〞新焦点 1分钟2高官落马（视频）","2014-06-21","https://www.youtube.com/embed/0PeEwu84psE?feature=oembed","习近平〝打虎〞新焦点-1分钟2高官落马（视频）","This video is unavailable"
"影片不存在","【江峰时刻】朝鲜战争真的是一场“错误的战争”么？麦克阿瑟打击中共的计划曝光（视频）","2019-04-06","https://www.youtube.com/embed/7sPOpl7fY7w?feature=oembed","朝鲜战争真的是一场错误的战争么？麦克阿瑟","This video is unavailable"
"影片不存在","北京6月下冰雹 民众惊醒选三退（视频）","2013-06-13","https://www.youtube.com/embed/VN_pInig7vQ?feature=oembed","北京6月下冰雹-民众惊醒选三退（视频）","This video is unavailable"
"影片不存在","重现红色高棉暴力 柬埔寨表演警示当下（视频）","2019-05-21","https://www.youtube.com/embed/8b-D6PULMJQ?feature=oembed","重现红色高棉暴力-柬埔寨表演警示当下（视频）","Video unavailable"
"影片不存在","港洗钱百亿女潜回大陆 徐才厚掩护？（视频）","2014-07-01","https://www.youtube.com/embed/iNsnG9657FM?feature=oembed","港洗钱百亿女潜回大陆-徐才厚掩护？（视频）","This video is unavailable"
"影片不存在","徐文立：中共背负反人类罪 必清算（视频）","2013-08-15","https://www.youtube.com/embed/-GkPwJpwcMo?feature=oembed","徐文立：中共背负反人类罪-必清算（视频）","This video is unavailable"
"影片不存在","纪念五四 北京对学生运动今非昔比（视频）","2014-05-06","https://www.youtube.com/embed/Wc3ZZBXBXYE?feature=oembed","纪念五四-北京对学生运动今非昔比（视频）","This video is unavailable"
"影片不存在","遭中共悬赏20万通缉 藏僧亲述逃亡经历（视频）","2014-05-30","https://www.youtube.com/embed/ohneFWGIOzE?feature=oembed","遭中共悬赏20万通缉-藏僧亲述逃亡经历（视频）","This video is unavailable"
"影片不存在","徐才厚招了 与郭伯雄建攻守同盟（视频）","2014-09-02","https://www.youtube.com/embed/Oh7eaZ2Pldo?feature=oembed","徐才厚招了-与郭伯雄建攻守同盟（视频）","This video is unavailable"
"影片不存在","涉周滨案？陕西政协副主席祝作利被双开（视频）","2014-08-07","https://www.youtube.com/embed/otb5izqmIF0?feature=oembed","涉周滨案？陕西政协副主席祝作利被双开（视频）","This video is unavailable"
"影片不存在","反制文革的台湾〝文化复兴〞（视频）","2016-05-21","https://www.youtube.com/embed/FM1mFy9SpMw?feature=oembed","反制文革的台湾〝文化复兴〞（视频）","This video is unavailable"
"影片不存在","美媒爆中共秘送〝夜莺岛〞始末（视频）","2016-10-24","https://www.youtube.com/embed/H73_5us150s?feature=oembed","美媒爆中共秘送〝夜莺岛〞始末（视频）","This video is unavailable"
"影片不存在","乌克兰媒体报江泽民杀人史及三退（视频）","2014-12-24","https://www.youtube.com/embed/uQZGiBHoo3U?feature=oembed","乌克兰媒体报江泽民杀人史及三退（视频）","This video is unavailable"
"影片不存在","朝鲜脱北者 北京公开抨击中共（视频）","2016-03-29","https://www.youtube.com/embed/KQlCPmUX1fY?feature=oembed","朝鲜脱北者-北京公开抨击中共（视频）","This video is unavailable"
"影片不存在","【抗日真相系列报导之二】抗战中的国军（视频）","2015-09-02","https://www.youtube.com/embed/6CQ1Fpjz7Pc?feature=oembed","【抗日真相系列报导之二】抗战中的国军（视频）","This video is unavailable"
"影片不存在","袁红冰专栏：50年前“红八月” 遇罗克挑战暴政血统论（视频）","2016-07-28","https://www.youtube.com/embed/N-seWLcp5-s?feature=oembed","袁红冰专栏：50年前红八月-遇罗克挑战暴政血","This video is unavailable"
"影片不存在","日本学者出书披露 毛泽东勾结日军（视频）","2016-06-24","https://www.youtube.com/embed/ZCbnKe53Rnw?feature=oembed","日本学者出书披露-毛泽东勾结日军（视频）","This video is unavailable"
"影片不存在","【抗日真相系列报导之一】被诬衊的蒋介石（上）（视频）","2015-08-28","https://www.youtube.com/embed/bRf3Ne-NNzc?feature=oembed","【抗日真相系列报导之一】被诬衊的蒋介石（上）","This video is unavailable"
"影片不存在","【 江峰时刻】艾森豪威尔——美国抵御共产主义全球扩张第一人（视频）","2019-03-29","https://www.youtube.com/embed/nXjm_uOvjEA?feature=oembed","【-江峰时刻】艾森豪威尔-美国抵御共产主义全","This video is unavailable"
"影片不存在","天堂地狱之差：朝鲜战争中的遣返志愿军战俘（视频）","2020-02-09","https://www.youtube.com/embed/ES8rWpkvE3M?feature=oembed","天堂地狱之差：朝鲜战争中的遣返志愿军战俘（图","This video is unavailable"
"影片不存在","俄修改教材 删除侵占中国领土 中方沉默（视频）","2018-12-15","https://www.youtube.com/embed/flrXcCGzOmU?feature=oembed","俄修改教材-删除侵占中国领土-中方沉默（视频）","This video is unavailable"
"影片不存在","【珍言真语】黄伟国：腐化亲共 梵蒂冈将付代价（视频）","2020-10-02","https://www.youtube.com/embed/VBMj5sF1qDo?feature=oembed","【珍言真语】黄伟国：腐化亲共-梵蒂冈将付代价（","This video is unavailable"
"没有地址","景點用基本真相廣播","2026-04-30","","景點用基本真相廣播",""
"违反社群规范被移除","披露重大历史真相 纪录片《欺世伪火》获观众强烈反响（视频）","2019-08-14","https://www.youtube.com/embed/sL_KuogH6F8?feature=oembed","披露重大历史真相-纪录片《欺世伪火》获观众强-2","This video has been removed for violating YouTube's Community Guidelines"
"违反社群规范被移除","那些参与天安门自焚伪案的人今何在（视频）","2019-01-25","https://www.youtube.com/embed/sL_KuogH6F8?feature=oembed","那些参与天安门自焚伪案的人今何在（视频）","This video has been removed for violating YouTube's Community Guidelines"