地址,HTTP状态,引用处数
"https://www.tuidang.org/wp-content/uploads/2021/07/（00）全球退黨服務中心主席易蓉於2021年7月16日在華盛頓DC法輪功「7·20」反迫害集會上發言%E3%80%82（戴兵%EF%BC%8F大紀元）-1536x1024.jpg",404,1
"https://www.tuidang.org/wp-content/uploads/2021/07/（01）2021年7月16日，美國華盛頓DC，來自美國東部的部分法輪功學員近兩千人舉行盛大的集會遊行，呼籲全球共同制止中共對法輪功長達22年的迫害%E3%80%82（戴兵%EF%BC%8F大紀元）-scaled.jpg",404,1
"https://www.tuidang.org/wp-content/uploads/2022/11/tuidanghongliu9.mp4",403,1
"https://www.tuidang.org/wp-content/uploads/2022/12/IMG_9175.mp4",403,1
"https://www.tuidang.org/wp-content/uploads/2023/01/caiguihua4.mp4",403,1
"https://www.tuidang.org/wp-content/uploads/2023/02/David-Fang.mp4",403,1
"https://www.tuidang.org/wp-content/uploads/2023/02/tdhl16.mp4",403,1
"https://www.tuidang.org/wp-content/uploads/2023/03/20230122-720p.mp4",403,1
"https://www.tuidang.org/wp-content/uploads/2023/03/20230226-720p.mp4",403,1
"https://www.tuidang.org/wp-content/uploads/2023/04/20230423集會-周峰鎖採訪.mp4",403,1
"https://www.tuidang.org/wp-content/uploads/2023/04/20230423集會-李軍採訪.mp4",403,1
"https://www.tuidang.org/wp-content/uploads/2023/04/20230423集會-王姍姍採訪.mp4",403,1
"https://www.tuidang.org/wp-content/uploads/2023/04/20230423集會-趙慧子採訪.mp4",403,1
"https://www.tuidang.org/wp-content/uploads/2023/04/20230423集會-郭雷採訪.mp4",403,1
"https://www.tuidang.org/wp-content/uploads/2023/05/20230423Martha-yanjiang.mp4",403,1
"https://www.tuidang.org/wp-content/uploads/2023/05/20230512ilangfengshou.mp4",403,1
"https://www.tuidang.org/wp-content/uploads/2023/05/20230512songyanjie.mp4",403,1
"https://www.tuidang.org/wp-content/uploads/2023/05/20230513lizongmin.mp4",403,1
"https://www.tuidang.org/wp-content/uploads/2023/09/20200715dsfzyouxing.mp4",403,1
"https://www.tuidang.org/wp-content/uploads/2023/10/yugaopian.mp4",403,1
"https://www.tuidang.org/wp-content/uploads/2024/11/Lee.IMG_0522.png",404,1
"https://www.tuidang.org/wp-content/uploads/2024/11/gongkaicf.mp4",403,1
"https://www.tuidang.org/wp-content/uploads/2026/02/656856099-ffe5ef588e9ea0de2dc0d4de8cf75edbc2aefb4a4bbc98d7e68ee23785713c3f-d-e1760661050231-1107x460.avif",403,1
"https://www.tuidang.org/wp-content/uploads/2026/07/id14813875-LD108599.jpg",404,2