地址,被删处数
"http://m.tuidang.org/wp-content/uploads/2017/03/1-126-300x400.jpg",1
"http://m.tuidang.org/wp-content/uploads/2017/03/3e7e59c2f70da96d7a48377e8c69280c-300x259.jpg",1
"http://m.tuidang.org/wp-content/uploads/2017/03/4-42-300x437.jpg",1
"http://m.tuidang.org/wp-content/uploads/2017/03/5ce91aa163a1f1a113a65de52ae6ad46-450x159-300x106.jpg",1
"http://m.tuidang.org/wp-content/uploads/2017/03/850d285egy1fe3uticf2cj21hc0ukjz4-e1490781281429-300x172.jpg",1
"http://m.tuidang.org/wp-content/uploads/2017/03/Lenin-statue-Litaowan-300x203.jpg",1
"http://m.tuidang.org/wp-content/uploads/2017/03/Lenin-statue-Ukraine-450x300-300x200.jpg",1
"http://m.tuidang.org/wp-content/uploads/2017/03/b3087f8d10215d781168772536046fe3-450x190-300x127.jpg",1
"http://m.tuidang.org/wp-content/uploads/2017/03/k9hhhhhhh-300x225.jpg",1
"http://m.tuidang.org/wp-content/uploads/2017/03/k9hhhhhhhh-1-450x232-300x155.jpg",1
"http://m.tuidang.org/wp-content/uploads/2017/03/liu-wencahi-dam-1-300x197.jpg",1
"http://m.tuidang.org/wp-content/uploads/2017/03/liu-wencai-school-450x300-1-300x200.jpg",1
"http://m.tuidang.org/wp-content/uploads/2017/03/p8072151a183148474-ss-300x179.jpg",1
"http://m.tuidang.org/wp-content/uploads/2017/03/p8077452a131048790-ss-300x201.jpg",1
"http://m.tuidang.org/wp-content/uploads/2017/03/p8086111a705083088-ss-300x204.jpg",1
"http://m.tuidang.org/wp-content/uploads/2017/03/red-ladies-army-450x374-1-300x249.jpg",1
"http://m.tuidang.org/wp-content/uploads/2017/04/002-63-300x200.jpg",1
"http://m.tuidang.org/wp-content/uploads/2017/04/1-5-450x300-300x200.jpg",1
"http://m.tuidang.org/wp-content/uploads/2017/04/138e8d02e8a0cb0a8c0ad19f2dd70813-300x421-214x300.jpg",1
"http://m.tuidang.org/wp-content/uploads/2017/04/1401152117302663-300x190.jpg",1
"http://m.tuidang.org/wp-content/uploads/2017/04/3ab0f8804cc9df22c07520623509e6d1-300x455-198x300.jpg",1
"http://m.tuidang.org/wp-content/uploads/2017/04/3fba629daa73511c0f44328eec6ce5cb-300x399-226x300.jpg",1
"http://m.tuidang.org/wp-content/uploads/2017/04/40eebea0e8e9e524d994569f9e3f2925-300x429-210x300.jpg",1
"http://m.tuidang.org/wp-content/uploads/2017/04/50dc233d1688672b9c8810cd07d438b9-300x449-200x300.jpg",1
"http://m.tuidang.org/wp-content/uploads/2017/04/60127125758995-600x400-450x300-300x200.jpg",1
"http://m.tuidang.org/wp-content/uploads/2017/04/6f750a174c8d76ec8f77ea4abcf6c06a-300x267-300x267.jpg",1
"http://m.tuidang.org/wp-content/uploads/2017/04/850d285egy1fe60h0vm9fj20hq08x0ts-e1490978864671-1-300x151.jpg",1
"http://m.tuidang.org/wp-content/uploads/2017/04/850d285egy1fe6jyg3p83j20i80i8goo-e1490982787479-1-300x300.jpg",1
"http://m.tuidang.org/wp-content/uploads/2017/04/ba967e53dc448356d2f1ed04734c608b-205x300.jpg",1
"http://m.tuidang.org/wp-content/uploads/2017/04/chen-xu@1200x1200-e1490979444251-1-300x200.jpg",1
"http://m.tuidang.org/wp-content/uploads/2017/04/d08c01aeac2123ba13a6892bfa8d3925-300x263.jpg",1
"http://m.tuidang.org/wp-content/uploads/2017/04/e0ed44af1e6ae558b6ea20f975a0c6bd-300x450-200x300.jpg",1
"http://m.tuidang.org/wp-content/uploads/2017/04/l6-450x288-300x192.jpg",1
"http://m.tuidang.org/wp-content/uploads/2017/04/p8148183a949707655-ss-300x199.jpg",1
"http://m.tuidang.org/wp-content/uploads/2017/04/p8148184a305633661-ss-300x173.jpg",1
"http://m.tuidang.org/wp-content/uploads/2017/04/p8148185a195032000-ss-300x136.jpg",1
"http://m.tuidang.org/wp-content/uploads/2017/04/p8148186a565249088-ss-300x191.jpg",1
"http://m.tuidang.org/wp-content/uploads/2017/04/p8148187a527318342-ss-300x178.jpg",1
"http://m.tuidang.org/wp-content/uploads/2017/04/p8148188a579584714-ss-300x168.jpg",1
"http://m.tuidang.org/wp-content/uploads/2017/04/p8148189a825463498-ss-300x227.jpg",1
"http://m.tuidang.org/wp-content/uploads/2017/04/p8148190a574285475-ss-231x300.jpg",1
"http://m.tuidang.org/wp-content/uploads/2017/04/p8148191a16963004-ss-300x191.jpg",1
"http://m.tuidang.org/wp-content/uploads/2017/04/p8148192a629754797-ss-300x207.jpg",1
"http://m.tuidang.org/wp-content/uploads/2017/04/p8148193a643162351-ss-300x204.jpg",1
"http://m.tuidang.org/wp-content/uploads/2017/04/p8148194a86494223-ss-300x171.jpg",1
"http://m.tuidang.org/wp-content/uploads/2017/04/p8148195a854418816-ss-300x214.jpg",1
"http://m.tuidang.org/wp-content/uploads/2017/04/p8148197a568248638-ss-300x133.jpg",1
"http://m.tuidang.org/wp-content/uploads/2017/04/p8148198a738207056-ss-300x205.jpg",1
"http://m.tuidang.org/wp-content/uploads/2017/04/p8148199a607485990-ss-300x211.jpg",1
"http://m.tuidang.org/wp-content/uploads/2017/04/p8148200a482765577-ss-300x208.jpg",1
"http://m.tuidang.org/wp-content/uploads/2017/04/p8148201a769044158-ss-300x182.jpg",1
"http://m.tuidang.org/wp-content/uploads/2017/04/p8148202a145087215-ss-300x152.jpg",1
"http://m.tuidang.org/wp-content/uploads/2017/04/s6450324-203x300.jpg",1
"http://truth.tuidang.org/wp-content/uploads/2020/05/Picture1-631x420.png",1
"http://truth.tuidang.org/wp-content/uploads/2020/05/Picture3-696x320.png",1
"http://truth.tuidang.org/wp-content/uploads/2020/05/Picture4-696x374.png",1
"http://truth.tuidang.org/wp-content/uploads/2020/05/Picture5-696x391.png",1
"http://truth.tuidang.org/wp-content/uploads/2020/05/Picture6-696x938.png",1
"http://truth.tuidang.org/wp-content/uploads/2020/05/Picture7-696x375.png",1
"http://www.tuidang.org/wp-content/uploads/2017/03/1108041335592068-300x250.jpg",2
"http://www.tuidang.org/wp-content/uploads/2017/03/1108041336042068-300x205.jpg",1
"http://www.tuidang.org/wp-content/uploads/2017/03/1108041336102068-298x300.jpg",1
"http://www.tuidang.org/wp-content/uploads/2017/03/1303030401512419-600x384-300x192.jpg",1
"http://www.tuidang.org/wp-content/uploads/2017/03/1401151905141996-600x397-300x199.jpg",1
"http://www.tuidang.org/wp-content/uploads/2017/03/1404100922302320-300x211.jpg",1
"http://www.tuidang.org/wp-content/uploads/2017/03/1605150922071770-600x401-300x201.jpg",1
"http://www.tuidang.org/wp-content/uploads/2017/03/1702170017372669-450x293-300x195.jpg",1
"http://www.tuidang.org/wp-content/uploads/2017/03/1702170017482669-450x299-300x199.jpg",1
"http://www.tuidang.org/wp-content/uploads/2017/03/1702170017522669-450x317-300x211.jpg",1
"http://www.tuidang.org/wp-content/uploads/2017/03/1702170017562669-450x300-300x200.jpg",1
"http://www.tuidang.org/wp-content/uploads/2017/03/1702170018002669-450x300-300x200.jpg",1
"http://www.tuidang.org/wp-content/uploads/2017/03/1702170423362669-300x440-205x300.jpg",2
"http://www.tuidang.org/wp-content/uploads/2017/03/1702170456422669-450x344-300x229.jpg",1
"http://www.tuidang.org/wp-content/uploads/2017/03/20150224030535260-185x300.jpg",2
"http://www.tuidang.org/wp-content/uploads/2017/03/20150224030539288-300x485-186x300.jpg",1
"http://www.tuidang.org/wp-content/uploads/2017/03/BH58-266x400-200x300.jpg",1
"http://www.tuidang.org/wp-content/uploads/2017/03/GettyImages-78010603-328x400-246x300.jpg",1
"http://www.tuidang.org/wp-content/uploads/2017/03/Pol-Pot-Tianmen-Square-450x226-300x151.jpg",1
"http://www.tuidang.org/wp-content/uploads/2017/03/khmer-rouger-trial-2016-450x270-300x180.jpg",1
"http://www.tuidang.org/wp-content/uploads/2017/03/magong_1-300x147.jpg",1
"http://www.tuidang.org/wp-content/uploads/2017/03/memorial-to-the-victims-of-communism-canada-a-land-of-refu-Mills-450x338-300x225.jpeg",1
"http://www.tuidang.org/wp-content/uploads/2017/03/memorial-to-the-victims-of-communism-canada-a-land-of-refu-Moskaliuk-600x400-300x200.jpeg",1
"http://www.tuidang.org/wp-content/uploads/2017/03/memorial-to-the-victims-of-communism-canada-a-land-of-refu-Raff-450x338-300x225.jpeg",1
"http://www.tuidang.org/wp-content/uploads/2017/03/memorial-to-the-victims-of-communism-canada-a-land-of-refu-ReichPetch-Architects-450x338-300x225.jpeg",1
"http://www.tuidang.org/wp-content/uploads/2017/03/memorial-to-the-victims-of-communism-canada-a-land-of-refu-space2space-450x338-300x225.jpeg",1
"http://www.tuidang.org/wp-content/uploads/2017/05/1406271341512320-600x400-450x300-300x200.jpg",2
"http://www.tuidang.org/wp-content/uploads/2017/06/1110200419132404-450x317-450x317-1-300x211.jpg",1
"http://www.tuidang.org/wp-content/uploads/2017/06/1110200419182404-1-300x229.jpg",1
"http://www.tuidang.org/wp-content/uploads/2017/06/1110200419202404-450x270-1-450x270-300x180.jpg",1
"http://www.tuidang.org/wp-content/uploads/2017/06/1110200421072404-1-300x155.jpg",1
"http://www.tuidang.org/wp-content/uploads/2017/06/1110200421142404-450x338-1-450x338-300x225.jpg",1
"http://www.tuidang.org/wp-content/uploads/2017/06/1110200421572404-1-300x112.jpg",1
"http://www.tuidang.org/wp-content/uploads/2017/06/1112110724302404-221x300.jpg",1
"http://www.tuidang.org/wp-content/uploads/2017/07/20170629195054-DIADF-rjttib48-300x212.jpg",1
"http://www.tuidang.org/wp-content/uploads/2017/08/1306050616172068-300x205.jpg",1
"http://www.tuidang.org/wp-content/uploads/2017/08/20160225103009663-300x238.png",2
"http://www.tuidang.org/wp-content/uploads/2017/08/maoandzhou-300x221.jpg",2
"http://www.tuidang.org/wp-content/uploads/2017/08/maohome1-300x201.jpg",2
"http://www.tuidang.org/wp-content/uploads/2017/08/maohome2-300x200.jpg",1
"http://www.tuidang.org/wp-content/uploads/2017/09/1307311606242074-300x196.jpg",1
"http://www.tuidang.org/wp-content/uploads/2017/09/5-6.jpg",1
"http://www.tuidang.org/wp-content/uploads/2017/09/Cus30040-300x197.jpg",2
"http://www.tuidang.org/wp-content/uploads/2017/09/p8437961a649125974-ss-300x200.jpg",1
"http://www.tuidang.org/wp-content/uploads/2017/09/p8437962a119596280-1-300x200.jpg",2
"http://www.tuidang.org/wp-content/uploads/2017/09/p8437963a809659159-ss-300x200.jpg",1
"http://www.tuidang.org/wp-content/uploads/2017/09/p8437965a669546354-ss-300x200.jpg",1
"http://www.tuidang.org/wp-content/uploads/2017/09/p8437971a37926071-ss-300x200.jpg",1
"http://www.tuidang.org/wp-content/uploads/2017/10/1702170018042669-600x400.jpg",1
"http://www.tuidang.org/wp-content/uploads/2017/11/296250-159x300.jpg",2
"http://www.tuidang.org/wp-content/uploads/2017/11/GettyImages-73424650-600x392.jpg",2
"http://www.tuidang.org/wp-content/uploads/2017/11/President_Bush_dedicates_the_Victims_of_Communism_Memorial-450x349-300x233.jpg",2
"http://www.tuidang.org/wp-content/uploads/2017/12/1702170020052669-600x413-300x207.jpg",1
"http://www.tuidang.org/wp-content/uploads/2017/12/1702170155282669-600x413-300x207.jpg",1
"http://www.tuidang.org/wp-content/uploads/2017/12/1703231454502669-600x400-600x400-300x200.jpg",1
"http://www.tuidang.org/wp-content/uploads/2017/12/3227159618fe49718093fd6d0f6b38f9-600x210-300x105.jpg",1
"http://www.tuidang.org/wp-content/uploads/2017/12/SPIMG_0015X480X234_Atrosties-450x219-300x146.jpg",1
"http://www.tuidang.org/wp-content/uploads/2017/12/Screen-Shot-2017-11-07-at-9.08.17-PM-600x400-600x400-300x200.png",2
"http://www.tuidang.org/wp-content/uploads/2018/03/1-107.jpg",2
"http://www.tuidang.org/wp-content/uploads/2018/03/10-4.jpg",1
"http://www.tuidang.org/wp-content/uploads/2018/03/11-4.jpg",1
"http://www.tuidang.org/wp-content/uploads/2018/03/12-4.jpg",1
"http://www.tuidang.org/wp-content/uploads/2018/03/13-3.jpg",1
"http://www.tuidang.org/wp-content/uploads/2018/03/14-3.jpg",1
"http://www.tuidang.org/wp-content/uploads/2018/03/1411171442102639-600x400-600x400-300x200.jpg",1
"http://www.tuidang.org/wp-content/uploads/2018/03/1d3bb58721e33ae8a150288c5be3c177-600x401-300x201.jpg",1
"http://www.tuidang.org/wp-content/uploads/2018/03/2-28.jpg",1
"http://www.tuidang.org/wp-content/uploads/2018/03/20180318-HUAMING-HONGKONG-04-1-300x198.jpg",1
"http://www.tuidang.org/wp-content/uploads/2018/03/3-24.jpg",1
"http://www.tuidang.org/wp-content/uploads/2018/03/4-17.jpg",1
"http://www.tuidang.org/wp-content/uploads/2018/03/5-11.jpg",1
"http://www.tuidang.org/wp-content/uploads/2018/03/6-11.jpg",1
"http://www.tuidang.org/wp-content/uploads/2018/03/7-5.jpg",1
"http://www.tuidang.org/wp-content/uploads/2018/03/8-5.jpg",1
"http://www.tuidang.org/wp-content/uploads/2018/03/9-4.jpg",1
"http://www.tuidang.org/wp-content/uploads/2018/03/p8648622a341828845-ss-600x766-235x300.jpg",1
"http://www.tuidang.org/wp-content/uploads/2018/05/Untitled-4-300x198.jpg",2
"https://truth.tuidang.org/wp-content/uploads/2017/07/1707201639381160-450x281.jpg",1
"https://truth.tuidang.org/wp-content/uploads/2017/07/1707201639531160-450x285.jpg",1
"https://truth.tuidang.org/wp-content/uploads/2017/07/1707201642211160-450x289.jpg",1
"https://truth.tuidang.org/wp-content/uploads/2017/07/20170720-AM3A8728-450x291.jpg",1
"https://truth.tuidang.org/wp-content/uploads/2017/07/20170720daibing-7-450x300.jpg",1
"https://truth.tuidang.org/wp-content/uploads/2017/07/B160372-450x300.jpg",1
"https://truth.tuidang.org/wp-content/uploads/2017/07/B160405-450x300.jpg",1
"https://truth.tuidang.org/wp-content/uploads/2017/07/B160458-600x400-1.jpg",1
"https://truth.tuidang.org/wp-content/uploads/2017/07/B160462-450x300.jpg",1
"https://truth.tuidang.org/wp-content/uploads/2020/08/0008-800x450-1-696x392.jpg",1
"https://truth.tuidang.org/wp-content/uploads/2020/08/1597634263170-300x169.jpg",1
"https://truth.tuidang.org/wp-content/uploads/2020/08/1597634511098-300x169.jpg",1
"https://truth.tuidang.org/wp-content/uploads/2020/08/1597634712180-300x169.jpg",1
"https://truth.tuidang.org/wp-content/uploads/2020/08/1597634797862-300x169.jpg",1
"https://truth.tuidang.org/wp-content/uploads/2020/08/1597634851187-300x169.jpg",1
"https://truth.tuidang.org/wp-content/uploads/2020/08/1597634902532-300x169.jpg",1
"https://truth.tuidang.org/wp-content/uploads/2020/08/1597634953508-300x169.jpg",1
"https://truth.tuidang.org/wp-content/uploads/2020/08/1597635004052-300x169.jpg",1
"https://truth.tuidang.org/wp-content/uploads/2020/08/1597635081316-300x169.jpg",1
"https://truth.tuidang.org/wp-content/uploads/2020/08/1597635142961-300x169.jpg",1
"https://truth.tuidang.org/wp-content/uploads/2020/08/1597635197466-300x169.jpg",1
"https://truth.tuidang.org/wp-content/uploads/2020/08/1597635242421-300x169.jpg",1
"https://truth.tuidang.org/wp-content/uploads/2020/08/1597635289178-300x169.jpg",1
"https://truth.tuidang.org/wp-content/uploads/2020/08/1597635332845-300x169.jpg",1
"https://truth.tuidang.org/wp-content/uploads/2020/08/Screen-Shot-2020-08-19-at-9.28.18-AM-644x400-1-300x186.png",1
"https://truth.tuidang.org/wp-content/uploads/2020/09/1-1-237x300.png",1
"https://truth.tuidang.org/wp-content/uploads/2020/09/1599018624862-258x300.jpg",1
"https://truth.tuidang.org/wp-content/uploads/2020/09/1908231305592378-600x400-1-300x200.jpg",1
"https://truth.tuidang.org/wp-content/uploads/2020/09/20170318091914836-1599546918474-300x179.jpg",1
"https://truth.tuidang.org/wp-content/uploads/2020/09/4168659585-1599018165446-300x178.jpg",1
"https://truth.tuidang.org/wp-content/uploads/2020/09/514456d3e548c61292c1e207a31641af-450x300-1-300x200.jpg",1
"https://truth.tuidang.org/wp-content/uploads/2020/09/5c97606c3001147c3d6c6b59-1599020610000-219x300.jpg",1
"https://truth.tuidang.org/wp-content/uploads/2020/09/Chiang_Kai-shek_in_1933-300x217.jpg",1
"https://truth.tuidang.org/wp-content/uploads/2020/09/Yang_Hucheng_1949-228x300.jpg",1
"https://truth.tuidang.org/wp-content/uploads/2020/09/Zhang_Xueliang3-600x903-1-199x300.jpg",1
"https://truth.tuidang.org/wp-content/uploads/2020/09/Zhang_Xueliang_Yang_Hucheng_and_Chiang_Kai-shek-300x211.jpg",1
"https://truth.tuidang.org/wp-content/uploads/2020/09/chen_yun_1938-1598599542721-214x300.jpg",1
"https://truth.tuidang.org/wp-content/uploads/2020/09/f343092000910ff4aaaca5905efc5d6d-450x300-1-300x200.jpg",1
"https://truth.tuidang.org/wp-content/uploads/2020/09/彭德怀-300x207.png",1
"https://truth.tuidang.org/wp-content/uploads/2020/09/擷取-14-300x171.png",1
"https://truth.tuidang.org/wp-content/uploads/2020/09/擷取-20-278x300.png",1
"https://truth.tuidang.org/wp-content/uploads/2020/09/擷取-21-300x236.png",1
"https://truth.tuidang.org/wp-content/uploads/2020/09/擷取-22-300x187.png",1
"https://truth.tuidang.org/wp-content/uploads/2020/09/擷取-23-300x235.png",1
"https://truth.tuidang.org/wp-content/uploads/2020/09/擷取-5-300x206.png",1
"https://truth.tuidang.org/wp-content/uploads/2020/09/擷取-6-239x300.png",1
"https://truth.tuidang.org/wp-content/uploads/2020/09/擷取-7-300x168.png",1
"https://truth.tuidang.org/wp-content/uploads/2020/09/擷取-8-300x168.png",1
"https://truth.tuidang.org/wp-content/uploads/2020/09/擷取-9-241x300.png",1
"https://www.tuidang.org/wp-content/uploads/2011/08/151801.mp4",2
"https://www.tuidang.org/wp-content/uploads/2011/08/151804.mp4",2
"https://www.tuidang.org/wp-content/uploads/2011/08/151808.mp4",2
"https://www.tuidang.org/wp-content/uploads/2011/08/151810.mp4",2
"https://www.tuidang.org/wp-content/uploads/2011/08/151837.mp4",2
"https://www.tuidang.org/wp-content/uploads/2011/08/151844.mp4",2
"https://www.tuidang.org/wp-content/uploads/2011/08/151891.mp4",2
"https://www.tuidang.org/wp-content/uploads/2011/08/151897.mp4",2
"https://www.tuidang.org/wp-content/uploads/2011/08/151913.mp4",2
"https://www.tuidang.org/wp-content/uploads/2011/08/151962.mp4",2
"https://www.tuidang.org/wp-content/uploads/2011/08/151969.mp4",2
"https://www.tuidang.org/wp-content/uploads/2011/09/b1-768x432.jpg",1
"https://www.tuidang.org/wp-content/uploads/2018/02/reddynasty121.mp3",1
"https://www.tuidang.org/wp-content/uploads/2018/05/reddynasty136-5.mp3",1
"https://www.tuidang.org/wp-content/uploads/2018/08/2018-7-22-toronto-parade_01-300x179.jpg",1
"https://www.tuidang.org/wp-content/uploads/2018/09/703242004061030-600x358-300x179.jpg",1
"https://www.tuidang.org/wp-content/uploads/2019/01/20190125-biyunu-t002-300x452-1-199x300.jpg",1
"https://www.tuidang.org/wp-content/uploads/2019/02/video_1080p.mp4",2
"https://www.tuidang.org/wp-content/uploads/2019/05/1905161215221160-600x388-300x194.jpg",1
"https://www.tuidang.org/wp-content/uploads/2019/05/1905161215401160-600x392-300x196.jpg",1
"https://www.tuidang.org/wp-content/uploads/2019/05/1905161217001160-600x400-300x200.jpg",1
"https://www.tuidang.org/wp-content/uploads/2019/05/1905161217071160-600x376-300x188.jpg",1
"https://www.tuidang.org/wp-content/uploads/2019/05/1905161217141160-600x400-300x200.jpg",1
"https://www.tuidang.org/wp-content/uploads/2019/05/1905161217221160-600x395-300x198.jpg",1
"https://www.tuidang.org/wp-content/uploads/2019/05/1905161217351160-600x393-300x197.jpg",1
"https://www.tuidang.org/wp-content/uploads/2019/05/1905161532141973-600x400-1-300x200.jpg",1
"https://www.tuidang.org/wp-content/uploads/2019/05/841db9209fbd4b-600x800-225x300.jpg",1
"https://www.tuidang.org/wp-content/uploads/2019/06/huangxiaomin-tuidang.mp4",3
"https://www.tuidang.org/wp-content/uploads/2019/06/huangxiaomin.mp4",3
"https://www.tuidang.org/wp-content/uploads/2019/07/1907181540081973-600x400-1-300x200.jpg",1
"https://www.tuidang.org/wp-content/uploads/2019/07/1907181540261973-600x400-300x200.jpg",1
"https://www.tuidang.org/wp-content/uploads/2019/07/1907181541131973-600x400-1-300x200.jpg",1
"https://www.tuidang.org/wp-content/uploads/2019/07/1907181541171973-600x400-300x200.jpg",1
"https://www.tuidang.org/wp-content/uploads/2019/07/1907181541341973-600x400-300x200.jpg",1
"https://www.tuidang.org/wp-content/uploads/2019/07/1907181542111973-600x400-300x200.jpg",1
"https://www.tuidang.org/wp-content/uploads/2019/07/1907181542241973-600x400-300x200.jpg",1
"https://www.tuidang.org/wp-content/uploads/2019/07/1907181752072211-600x400-300x200.jpg",1
"https://www.tuidang.org/wp-content/uploads/2019/07/1907181753052211-600x400-300x200.jpg",1
"https://www.tuidang.org/wp-content/uploads/2019/07/1907181753152211-600x400-300x200.jpg",1
"https://www.tuidang.org/wp-content/uploads/2019/07/1907181753272211-600x400-300x200.jpg",1
"https://www.tuidang.org/wp-content/uploads/2019/07/1907181753422211-600x400-300x200.jpg",1
"https://www.tuidang.org/wp-content/uploads/2019/10/1109290721501366-300x169.jpg",1
"https://www.tuidang.org/wp-content/uploads/2019/10/180318101546100311-600x399-300x200.jpg",1
"https://www.tuidang.org/wp-content/uploads/2019/10/190929123418100615-600x400-300x200.jpg",1
"https://www.tuidang.org/wp-content/uploads/2019/11/Screenshot_2019-11-21-中共雇凶火烧香港大纪元印刷厂-引各界谴责-大纪元-1-300x292.png",1
"https://www.tuidang.org/wp-content/uploads/2019/11/Screenshot_2019-11-21-中共雇凶火烧香港大纪元印刷厂-引各界谴责-大纪元-196x300.png",1
"https://www.tuidang.org/wp-content/uploads/2019/11/Screenshot_2019-11-21-中共雇凶火烧香港大纪元印刷厂-引各界谴责-大纪元-2-218x300.png",1
"https://www.tuidang.org/wp-content/uploads/2019/11/Screenshot_2019-11-21-中共雇凶火烧香港大纪元印刷厂-引各界谴责-大纪元1-217x300.png",1
"https://www.tuidang.org/wp-content/uploads/2019/11/擷取-300x204.png",1
"https://www.tuidang.org/wp-content/uploads/2020/07/0338-1593492501459-300x169.jpg",1
"https://www.tuidang.org/wp-content/uploads/2020/07/1-3-300x82.png",8
"https://www.tuidang.org/wp-content/uploads/2020/07/1-4-300x224.png",1
"https://www.tuidang.org/wp-content/uploads/2020/07/1-5-230x300.png",1
"https://www.tuidang.org/wp-content/uploads/2020/07/2-1-300x212.png",1
"https://www.tuidang.org/wp-content/uploads/2020/07/2-300x194.png",1
"https://www.tuidang.org/wp-content/uploads/2020/07/2020-7-19-image-01-600x367-1-300x184.jpg",1
"https://www.tuidang.org/wp-content/uploads/2020/07/2020-7-19-image-02-600x900-1-1-200x300.jpg",1
"https://www.tuidang.org/wp-content/uploads/2020/07/3-300x221.png",1
"https://www.tuidang.org/wp-content/uploads/2020/07/5-300x201.png",1
"https://www.tuidang.org/wp-content/uploads/2020/08/2008010750470-mp3.zip",1
"https://www.tuidang.org/wp-content/uploads/2020/08/2008010750470-wav.zip",1
"https://www.tuidang.org/wp-content/uploads/2020/08/800px-tomb_of_chang_kuo_tao-1595689050243-225x300.jpg",1
"https://www.tuidang.org/wp-content/uploads/2020/08/Matas-Columbia-University-CSSA-2007-300x222.jpg",1
"https://www.tuidang.org/wp-content/uploads/2020/08/擷取-2-237x300.png",1
"https://www.tuidang.org/wp-content/uploads/2020/08/擷取-3-300x170.png",1
"https://www.tuidang.org/wp-content/uploads/2020/09/F_RV0000061_A_F_RV_Other-1_WeiHuoZhongWenBan_P609220.mp4",2
"https://www.tuidang.org/wp-content/uploads/2021/07/（00）全球退黨服務中心主席易蓉於2021年7月16日在華盛頓DC法輪功「7·20」反迫害集會上發言%E3%80%82（戴兵%EF%BC%8F大紀元）-1536x1024.jpg",1
"https://www.tuidang.org/wp-content/uploads/2021/07/（01）2021年7月16日，美國華盛頓DC，來自美國東部的部分法輪功學員近兩千人舉行盛大的集會遊行，呼籲全球共同制止中共對法輪功長達22年的迫害%E3%80%82（戴兵%EF%BC%8F大紀元）-scaled.jpg",1
"https://www.tuidang.org/wp-content/uploads/2022/04/男声独唱",1
"https://www.tuidang.org/wp-content/uploads/2023/10/4y_20231028_2.jpeg",1
"https://www.tuidang.org/wp-content/uploads/2023/12/1204-2.png",1
"https://www.tuidang.org/wp-content/uploads/2024/11/Lee.IMG_0522.png",1
"https://www.tuidang.org/wp-content/uploads/2026/02/656856099-ffe5ef588e9ea0de2dc0d4de8cf75edbc2aefb4a4bbc98d7e68ee23785713c3f-d-e1760661050231-1107x460.avif",2
"https://www.tuidang.org/wp-content/uploads/2026/04/易拉宝00退党.pdf",2
"https://www.tuidang.org/wp-content/uploads/2026/07/id14813875-LD108599.jpg",3