"匹配方式","标题(我们)","标题(YouTube)","我们时长","YT时长","时长差秒","相似度","站内slug","YouTube地址"
"YouTube-采用","【三退大潮】陈闯创：中共没有执政合法性 远离它更安全","陈闯创：中共没有执政合法性 远离它更安全","6:50","6:50","0","0.89","【三退大潮】陈闯创：中共没有执政合法性-远离它","https://www.youtube.com/watch?v=QHZV1qCbIY4"
"YouTube-采用","【三退大潮】蔡桂华：让中国人获得自由（二）","【三退大潮】蔡桂华：让中国人获得自由（二）","24:55","24:56","1","1.00","【三退大潮】蔡桂华：让中国人获得自由（二）","https://www.youtube.com/watch?v=bydQxBlIcG4"
"YouTube-采用","【三退大潮】蔡桂华：让中国人获得自由（三）","【三退大潮】蔡桂华：让中国人获得自由（三）","23:54","23:55","1","1.00","【三退大潮】蔡桂华：让中国人获得自由（三）","https://www.youtube.com/watch?v=Ubiux5EPjAE"
"YouTube-采用","【退党洪流】第十七期 擂响反共战鼓 谴责社会主义","《退黨洪流》第十七期 擂響反共戰鼓 譴責社會主義","34:22","34:22","0","1.00","【退党洪流】第十七期-擂响反共战鼓-谴责社会主义","https://www.youtube.com/watch?v=RuW-X43q180"
"YouTube-采用","《九评共产党》应该纳入美国学生教育系统——资深国际媒体人迈克·科恩","《九评共产党》应该纳入美国学生教育系统——资深国际媒体人迈克·科恩","10:11","10:11","0","1.00","即使是盲人也知道，中共必须被终结-美国资深","https://www.youtube.com/watch?v=uWDaPlpEYgk"
"YouTube-采用","【退党洪流】END CCP征签年破百万 民众认清共产主义邪恶","《退党洪流》 第七期 ENDCCP征签年破百万 民众认清共产主义邪恶 全球三退过3.7亿 纽约游行声援 世界法轮大法日 各国政要庆祝 美制裁前610主任 美大使馆暂停签发四类赴美签证","36:38","36:39","1","0.46","【退党洪流】end-ccp征签年破百万-民众认清共产主义邪","https://www.youtube.com/watch?v=Qz2KGxKhur0"
"YouTube-采用","【三退大潮】蔡桂华：让中国人获得自由（一）","【三退大潮】蔡桂华：让中国人获得自由（一）","14:53","14:53","0","1.00","【三退大潮】蔡桂华：让中国人获得自由（一）","https://www.youtube.com/watch?v=HsSbtbxA2cE"
"YouTube-采用","安东——“我看到前总统在电视上推广书籍《九评共产党》”","安东——“我看到前总统在电视上推广书籍《九评共产党》”","14:49","14:49","0","1.00","安东-前乌克兰总统在电视上推广书籍《九评共","https://www.youtube.com/watch?v=NptLkXysShg"
"YouTube-采用","中共不是一个政党 是一个恐怖的邪教组织","全球退党中心动态 第二期 中共不是一个政党，而是一个恐怖的邪教组织 大费城地区声援3亿8千万中国人退出中共党团队的三退集会","6:48","6:48","0","0.41","中共不是一个政党-是一个恐怖的邪教组织","https://www.youtube.com/watch?v=vSRGzS08J-w"
"YouTube-采用","【退党洪流】第十五期：江泽民死了 中共穷途末路 巨变在即","《退黨洪流》第十五期 江澤民死了 中共窮途末路 巨變在即 中共前黨魁江澤民死亡 其生前罪惡罄竹難書 胡錦濤被架離會場 曝光中共政治生態 中共 “清零政策”引憤怒 民眾高喊“共產黨下臺”","36:05","36:05","0","0.46","【退党洪流】江泽民死了-中共穷途末路-巨变在即","https://www.youtube.com/watch?v=aPq91YGXK14"
"YouTube-采用","组图：纽约法轮功学员举行盛大游行 声援4.15亿民众退出中共党团队","四·二五”道德丰碑24周年 纽约法轮功学员游行集会----”声援4.1忆华人三退“方阵（04.23.2023）","7:33","7:34","1","0.30","693054","https://www.youtube.com/watch?v=JKGHnLXNkQs"
"YouTube-采用","《退党洪流》期盼黑暗之黎明 迎接新生活","《退党洪流》第八期 期盼黑暗之黎明 迎接新生活 美国应为中共「突然瓦解」做好准备 全球政要声援法轮功 吁结束中共迫害 百年红祸罄竹难书 解体中共刻不容缓 美众院共和党人推出 抗共产主义中国法案","30:54","30:55","1","0.29","《退党洪流》期盼黑暗之黎明-迎接新生活","https://www.youtube.com/watch?v=RSBcTpicwqQ"
"YouTube-采用","【退党洪流】退党中心受褒奖 蓬佩奥揭露中共","《退黨洪流》第十四期 三退人數突破4億 退黨中⼼再得褒獎 蓬佩奧致中國人民 揭露中共暴政 北京四通橋橫幅事件 海內外持續發酵 退黨義工心聲——本期人物Kathy Ma","34:49","34:49","0","0.26","【退党洪流】退党中心受褒奖-蓬佩奥揭露中共","https://www.youtube.com/watch?v=XFTcZtkLD1M"
"YouTube-采用","看《四亿人的觉醒》 加入三退大潮","纪录片《四亿人的觉醒》2小时9分钟 简体中文字幕","129:12","129:13","1","0.31","《四亿人的觉醒》促人大悟-导演：望全民三退","https://www.youtube.com/watch?v=1f79oAv_DRE"
"YouTube-采用","【退党洪流】全球灭共正加速 民众翻墙识正邪","《退党洪流》第六期 全球灭共正加速 民众翻墙识正邪 中共犯下种族灭绝 等 《The Tide of Tui Dang Movement》Issue 6 (with English Subtitles)","39:44","39:44","0","0.37","【退党洪流】全球灭共正加速-民众翻墙识正邪","https://www.youtube.com/watch?v=Ksq6igclhGk"
"YouTube-不采用","周锋锁：加入过中共相关组织的人有义务从中脱离","人道中国主席周峰锁：加入过中共相关组织的人有义务从中脱离","2:52","4:21","89","0.78","周峰锁：加入过中共相关组织的人有义务与之决裂","https://www.youtube.com/watch?v=-nSfybbPKRw"
"YouTube-不采用","【三退大潮】蔡桂华：让中国人获得自由（四）","【三退大潮】蔡桂华：让中国人获得自由（三）","19:52","23:55","243","0.93","【三退大潮】蔡桂华：让中国人获得自由（四）","https://www.youtube.com/watch?v=Ubiux5EPjAE"
"YouTube-不采用","《四亿人的觉醒》近期将在新唐人电视台连续播放","退党大潮纪录片《四亿人的觉醒》9‧17全球首映","2:28","2:33","5","0.26","《四亿人的觉醒》近期将在新唐人电视台连续播放","https://www.youtube.com/watch?v=-KEL2A4_3Yw"